-- phpMyAdmin SQL Dump
-- version 5.2.1
-- https://www.phpmyadmin.net/
--
-- 主機： 127.0.0.1
-- 產生時間： 2025-02-12 15:38:15
-- 伺服器版本： 8.0.40
-- PHP 版本： 8.2.12

SET SQL_MODE = "NO_AUTO_VALUE_ON_ZERO";
START TRANSACTION;
SET time_zone = "+00:00";


/*!40101 SET @OLD_CHARACTER_SET_CLIENT=@@CHARACTER_SET_CLIENT */;
/*!40101 SET @OLD_CHARACTER_SET_RESULTS=@@CHARACTER_SET_RESULTS */;
/*!40101 SET @OLD_COLLATION_CONNECTION=@@COLLATION_CONNECTION */;
/*!40101 SET NAMES utf8mb4 */;

--
-- 資料庫： `shin01`
--
CREATE DATABASE IF NOT EXISTS `shin01` DEFAULT CHARACTER SET utf8mb4 COLLATE utf8mb4_general_ci;
USE `shin01`;

-- --------------------------------------------------------

--
-- 資料表結構 `ab_likes`
--

CREATE TABLE `ab_likes` (
  `like_id` int NOT NULL,
  `member_id` int NOT NULL,
  `ab_id` int NOT NULL,
  `created_at` datetime NOT NULL DEFAULT CURRENT_TIMESTAMP
) ENGINE=InnoDB DEFAULT CHARSET=utf8mb4 COLLATE=utf8mb4_unicode_ci;

--
-- 傾印資料表的資料 `ab_likes`
--

INSERT INTO `ab_likes` (`like_id`, `member_id`, `ab_id`, `created_at`) VALUES
(1, 7, 980, '2025-02-12 14:30:42'),
(5, 3, 980, '2025-02-12 14:57:48'),
(6, 3, 999, '2025-02-12 15:18:33'),
(7, 3, 1012, '2025-02-12 15:18:39');

-- --------------------------------------------------------

--
-- 資料表結構 `address_book`
--

CREATE TABLE `address_book` (
  `ab_id` int NOT NULL,
  `name` varchar(255) NOT NULL,
  `avatar` varchar(255) CHARACTER SET utf8mb4 COLLATE utf8mb4_0900_ai_ci DEFAULT NULL,
  `email` varchar(255) NOT NULL,
  `mobile` varchar(255) NOT NULL,
  `birthday` date DEFAULT NULL,
  `address` varchar(255) NOT NULL,
  `created_at` datetime NOT NULL DEFAULT CURRENT_TIMESTAMP
) ENGINE=InnoDB DEFAULT CHARSET=utf8mb4 COLLATE=utf8mb4_0900_ai_ci;

--
-- 傾印資料表的資料 `address_book`
--

INSERT INTO `address_book` (`ab_id`, `name`, `avatar`, `email`, `mobile`, `birthday`, `address`, `created_at`) VALUES
(1, '宋怡萱', '', 'mail79837@test.com', '0956339932', '1996-03-22', '宜蘭縣', '2024-12-31 14:24:45'),
(2, '許鈺婷', '', 'mail69898@test.com', '0942113617', '1987-11-19', '屏東縣', '2024-12-31 14:24:45'),
(3, '孫冠廷', '', 'mail47121@test.com', '0977677791', '1995-08-04', '臺東縣', '2024-12-31 14:24:45'),
(4, '沈郁婷', '', 'mail94926@test.com', '0926852301', '1994-01-29', '新北市', '2024-12-31 14:24:45'),
(5, '李雅筑', '', 'mail72492@test.com', '0972167556', '1995-10-14', '屏東縣', '2024-12-31 14:24:45'),
(6, '彭冠廷', '', 'mail74599@test.com', '0981835891', '1985-10-16', '屏東縣', '2024-12-31 14:24:45'),
(7, '馮宇軒', '', 'mail52600@test.com', '0917613212', '1985-01-04', '基隆市', '2024-12-31 14:24:45'),
(8, '許怡君', '', 'mail77037@test.com', '0993800740', '1987-11-07', '金門縣', '2024-12-31 14:24:45'),
(9, '彭承翰', '', 'mail35984@test.com', '0934287799', '1985-04-12', '宜蘭縣', '2024-12-31 14:24:45'),
(10, '郭冠宇', '', 'mail73796@test.com', '0998627419', '1994-05-09', '屏東縣', '2024-12-31 14:24:45'),
(11, '何鈺婷', '', 'mail58871@test.com', '0961603543', '1999-09-29', '嘉義市', '2024-12-31 14:24:45'),
(12, '沈郁婷', '', 'mail85740@test.com', '0946336005', '1997-02-02', '連江縣', '2024-12-31 14:24:45'),
(13, '彭冠廷', '', 'mail57371@test.com', '0914693690', '1997-05-10', '高雄市', '2024-12-31 14:24:45'),
(14, '徐冠廷', '', 'mail93152@test.com', '0957440371', '1998-01-25', '基隆市', '2024-12-31 14:24:45'),
(15, '蕭郁婷', '', 'mail72730@test.com', '0990952113', '1986-04-19', '新竹縣', '2024-12-31 14:24:45'),
(16, '鄧詩涵', '', 'mail90282@test.com', '0971508368', '1990-05-30', '嘉義縣', '2024-12-31 14:24:45'),
(17, '趙冠宇', '', 'mail76308@test.com', '0922107780', '1988-10-03', '彰化縣', '2024-12-31 14:24:45'),
(18, '何冠廷', '', 'mail46241@test.com', '0932434363', '1997-11-08', '金門縣', '2024-12-31 14:24:45'),
(19, '林怡婷', '', 'mail80380@test.com', '0924177988', '1992-07-12', '臺中市', '2024-12-31 14:24:45'),
(20, '程鈺婷', '', 'mail98372@test.com', '0915109570', '1988-11-07', '彰化縣', '2024-12-31 14:24:45'),
(21, '馮宗翰', '', 'mail44601@test.com', '0978563368', '1992-10-23', '花蓮縣', '2024-12-31 14:24:45'),
(22, '程彥廷', '', 'mail45449@test.com', '0937246740', '1988-06-08', '連江縣', '2024-12-31 14:24:45'),
(23, '曾郁婷', '', 'mail73970@test.com', '0921803420', '1996-10-18', '臺東縣', '2024-12-31 14:24:45'),
(24, '呂郁婷', '', 'mail82364@test.com', '0925880869', '1987-04-21', '新竹縣', '2024-12-31 14:24:45'),
(25, '梁雅婷', '', 'mail59766@test.com', '0996951721', '1989-11-11', '南投縣', '2024-12-31 14:24:45'),
(26, '鄧雅婷', '', 'mail25129@test.com', '0914003861', '1993-06-02', '新竹市', '2024-12-31 14:24:45'),
(27, '許承翰', '', 'mail44235@test.com', '0966067928', '1990-11-13', '臺南市', '2024-12-31 14:24:45'),
(28, '鄧雅筑', '', 'mail69998@test.com', '0931393976', '1993-05-20', '南投縣', '2024-12-31 14:24:45'),
(29, '馬怡君', '', 'mail73477@test.com', '0928520341', '1996-08-16', '嘉義市', '2024-12-31 14:24:45'),
(30, '謝郁婷', '', 'mail67153@test.com', '0914658037', '1987-08-12', '連江縣', '2024-12-31 14:24:45'),
(31, '何冠宇', '', 'mail29273@test.com', '0963082845', '1993-02-19', '高雄市', '2024-12-31 14:24:45'),
(32, '袁柏翰', '', 'mail80479@test.com', '0965807377', '1997-10-20', '宜蘭縣', '2024-12-31 14:24:45'),
(33, '鄭雅婷', '', 'mail86441@test.com', '0939250593', '1994-02-26', '宜蘭縣', '2024-12-31 14:24:45'),
(34, '吳家豪', '', 'mail24334@test.com', '0941917818', '1994-06-06', '臺中市', '2024-12-31 14:24:45'),
(35, '楊怡君', '', 'mail83763@test.com', '0980851436', '1986-06-12', '花蓮縣', '2024-12-31 14:24:45'),
(36, '朱雅婷', '', 'mail32901@test.com', '0915563213', '1994-08-04', '屏東縣', '2024-12-31 14:24:45'),
(37, '楊冠廷', '', 'mail82593@test.com', '0927993499', '1989-09-18', '連江縣', '2024-12-31 14:24:45'),
(38, '馬宗翰', '', 'mail74249@test.com', '0915450858', '1989-06-13', '新北市', '2024-12-31 14:24:45'),
(39, '許雅婷', '', 'mail71158@test.com', '0970731674', '1987-03-24', '臺北市', '2024-12-31 14:24:45'),
(40, '於怡萱', '', 'mail43135@test.com', '0923056450', '1997-03-17', '南投縣', '2024-12-31 14:24:45'),
(41, '劉彥廷', '', 'mail20245@test.com', '0933366217', '1992-02-18', '宜蘭縣', '2024-12-31 14:24:45'),
(42, '高宗翰', '', 'mail90627@test.com', '0915788226', '1997-03-30', '苗栗縣', '2024-12-31 14:24:45'),
(43, '沈鈺婷', '', 'mail92506@test.com', '0959750956', '1993-07-19', '基隆市', '2024-12-31 14:24:45'),
(44, '曹宇軒', '', 'mail58653@test.com', '0948222239', '1987-08-02', '基隆市', '2024-12-31 14:24:45'),
(45, '徐雅婷', '', 'mail28397@test.com', '0924051545', '1997-12-08', '連江縣', '2024-12-31 14:24:45'),
(46, '胡雅婷', '', 'mail62620@test.com', '0964908638', '1998-01-19', '高雄市', '2024-12-31 14:24:45'),
(47, '林怡婷', '', 'mail68151@test.com', '0967538129', '1990-05-01', '新竹市', '2024-12-31 14:24:45'),
(48, '宋家瑋', '', 'mail82003@test.com', '0915980905', '1990-09-17', '金門縣', '2024-12-31 14:24:45'),
(49, '朱詩涵', '', 'mail57125@test.com', '0962381546', '1986-07-27', '苗栗縣', '2024-12-31 14:24:45'),
(50, '陳冠霖', '', 'mail69169@test.com', '0981473143', '1989-12-11', '雲林縣', '2024-12-31 14:24:45'),
(51, '鄧家豪', '', 'mail66461@test.com', '0945728989', '1994-06-25', '屏東縣', '2024-12-31 14:24:45'),
(52, '彭承翰', '', 'mail53930@test.com', '0989772201', '1994-10-15', '新竹縣', '2024-12-31 14:24:45'),
(53, '沈冠宇', '', 'mail85170@test.com', '0988650606', '1998-07-29', '臺南市', '2024-12-31 14:24:45'),
(54, '馮冠霖', '', 'mail26737@test.com', '0965311122', '1989-07-26', '連江縣', '2024-12-31 14:24:45'),
(55, '胡雅筑', '', 'mail94540@test.com', '0943799809', '1999-09-15', '連江縣', '2024-12-31 14:24:45'),
(56, '朱詩涵', '', 'mail10991@test.com', '0961772899', '1998-08-01', '臺東縣', '2024-12-31 14:24:45'),
(57, '吳家豪', '', 'mail83595@test.com', '0994050757', '1989-08-30', '金門縣', '2024-12-31 14:24:45'),
(58, '劉怡萱', '', 'mail93671@test.com', '0975436861', '1989-12-22', '連江縣', '2024-12-31 14:24:45'),
(59, '馬家豪', '', 'mail33472@test.com', '0965734057', '1985-10-22', '基隆市', '2024-12-31 14:24:45'),
(60, '高雅婷', '', 'mail95536@test.com', '0966104726', '1993-08-23', '嘉義市', '2024-12-31 14:24:45'),
(61, '林冠霖', '', 'mail93385@test.com', '0980541019', '1992-07-30', '花蓮縣', '2024-12-31 14:24:45'),
(62, '林家瑋', '', 'mail12981@test.com', '0914597603', '1995-07-07', '嘉義縣', '2024-12-31 14:24:45'),
(63, '謝家瑋', '', 'mail13386@test.com', '0997633128', '1995-07-06', '臺北市', '2024-12-31 14:24:45'),
(65, '唐鈺婷', '', 'mail93439@test.com', '0994117628', '1986-10-30', '臺南市', '2024-12-31 14:24:45'),
(66, '馮怡婷', '', 'mail41804@test.com', '0915063269', '1996-03-25', '臺南市', '2024-12-31 14:24:45'),
(67, '林冠宇', '', 'mail74121@test.com', '0928615966', '1997-08-20', '雲林縣', '2024-12-31 14:24:45'),
(68, '周佳穎', '', 'mail74132@test.com', '0971120488', '1985-11-11', '新竹市', '2024-12-31 14:24:45'),
(69, '朱雅婷', '', 'mail91927@test.com', '0941532919', '1991-05-14', '宜蘭縣', '2024-12-31 14:24:45'),
(70, '袁宗翰', '', 'mail32729@test.com', '0918310601', '1989-12-13', '高雄市', '2024-12-31 14:24:45'),
(71, '宋柏翰', '', 'mail36913@test.com', '0944248783', '1997-09-06', '彰化縣', '2024-12-31 14:24:45'),
(72, '高宇軒', '', 'mail76161@test.com', '0962101358', '1986-08-12', '澎湖縣', '2024-12-31 14:24:45'),
(73, '馮雅婷', '', 'mail63675@test.com', '0932352228', '1994-05-27', '雲林縣', '2024-12-31 14:24:45'),
(74, '楊雅婷', '', 'mail14981@test.com', '0995912902', '1989-12-28', '高雄市', '2024-12-31 14:24:45'),
(75, '王家瑋', '', 'mail93108@test.com', '0980571375', '1987-06-14', '臺南市', '2024-12-31 14:24:45'),
(76, '許詩涵', '', 'mail59181@test.com', '0983639649', '1994-06-15', '臺東縣', '2024-12-31 14:24:45'),
(77, '朱雅婷', '', 'mail14903@test.com', '0913255753', '1996-11-29', '屏東縣', '2024-12-31 14:24:45'),
(78, '李宇軒', '', 'mail97269@test.com', '0957394045', '1994-02-22', '金門縣', '2024-12-31 14:24:45'),
(79, '陳雅婷', '', 'mail11728@test.com', '0988311253', '1991-04-29', '連江縣', '2024-12-31 14:24:45'),
(80, '董詩涵', '', 'mail65180@test.com', '0991607939', '1992-05-08', '嘉義縣', '2024-12-31 14:24:45'),
(81, '張雅筑', '', 'mail28286@test.com', '0929133186', '1996-03-23', '高雄市', '2024-12-31 14:24:45'),
(82, '於冠廷', '', 'mail11541@test.com', '0940886791', '1991-07-30', '基隆市', '2024-12-31 14:24:45'),
(83, '袁柏翰', '', 'mail50838@test.com', '0973471816', '1997-01-05', '臺北市', '2024-12-31 14:24:45'),
(84, '謝彥廷', '', 'mail26858@test.com', '0982203838', '1998-08-22', '臺北市', '2024-12-31 14:24:45'),
(85, '傅佳穎', '', 'mail86557@test.com', '0984876227', '1999-09-01', '新竹縣', '2024-12-31 14:24:45'),
(86, '許佳穎', '', 'mail90208@test.com', '0978464502', '1995-06-23', '臺北市', '2024-12-31 14:24:45'),
(87, '袁怡萱', '', 'mail57827@test.com', '0956650573', '1997-04-18', '花蓮縣', '2024-12-31 14:24:45'),
(88, '蕭承翰', '', 'mail35339@test.com', '0977901831', '1987-08-05', '高雄市', '2024-12-31 14:24:45'),
(89, '許怡婷', '', 'mail56660@test.com', '0940808265', '1993-04-04', '基隆市', '2024-12-31 14:24:45'),
(90, '唐承翰', '', 'mail65509@test.com', '0952252802', '1993-06-25', '澎湖縣', '2024-12-31 14:24:45'),
(91, '曹怡婷', '', 'mail57637@test.com', '0929165719', '1989-12-11', '新竹縣', '2024-12-31 14:24:45'),
(92, '蕭雅婷', '', 'mail57761@test.com', '0928546033', '1996-08-13', '花蓮縣', '2024-12-31 14:24:45'),
(93, '王宜庭', '', 'mail98313@test.com', '0995034553', '1995-08-28', '澎湖縣', '2024-12-31 14:24:45'),
(94, '傅宜庭', '', 'mail46639@test.com', '0952401961', '1991-04-05', '宜蘭縣', '2024-12-31 14:24:45'),
(95, '韓雅婷', '', 'mail51322@test.com', '0987416889', '1995-11-06', '苗栗縣', '2024-12-31 14:24:45'),
(96, '朱冠廷', '', 'mail51141@test.com', '0928522368', '1990-06-27', '基隆市', '2024-12-31 14:24:45'),
(97, '曹郁婷', '', 'mail34483@test.com', '0916193732', '1991-11-09', '桃園市', '2024-12-31 14:24:45'),
(98, '吳彥廷', '', 'mail13873@test.com', '0958269746', '1998-09-20', '宜蘭縣', '2024-12-31 14:24:45'),
(99, '徐冠霖', '', 'mail63850@test.com', '0968373857', '1995-01-08', '苗栗縣', '2024-12-31 14:24:45'),
(100, '曾詩涵', '', 'mail20203@test.com', '0910663870', '1986-04-15', '新北市', '2024-12-31 14:24:45'),
(101, '謝詩涵', '', 'mail81932@test.com', '0938688890', '1989-06-14', '臺北市', '2024-12-31 14:24:45'),
(102, '程郁婷', '', 'mail38840@test.com', '0990248927', '1994-12-27', '澎湖縣', '2024-12-31 14:24:45'),
(103, '李郁婷', '', 'mail80592@test.com', '0977281954', '1990-06-16', '嘉義縣', '2024-12-31 14:24:45'),
(104, '鄭冠霖', '', 'mail56730@test.com', '0991931756', '1986-09-12', '臺東縣', '2024-12-31 14:24:45'),
(105, '張宇軒', '', 'mail66644@test.com', '0973289483', '1988-08-30', '連江縣', '2024-12-31 14:24:45'),
(106, '何冠廷', '', 'mail66824@test.com', '0937960062', '1986-11-21', '彰化縣', '2024-12-31 14:24:45'),
(107, '董宜庭', '', 'mail64050@test.com', '0928709786', '1985-02-03', '臺中市', '2024-12-31 14:24:45'),
(108, '梁冠宇', '', 'mail59322@test.com', '0997107728', '1986-12-30', '臺中市', '2024-12-31 14:24:45'),
(109, '梁柏翰', '', 'mail53854@test.com', '0997633309', '1993-10-19', '臺南市', '2024-12-31 14:24:45'),
(110, '郭佳穎', '', 'mail68200@test.com', '0983049604', '1999-11-25', '桃園市', '2024-12-31 14:24:45'),
(111, '蕭承翰', '', 'mail80928@test.com', '0914787140', '1998-09-07', '連江縣', '2024-12-31 14:24:45'),
(112, '董彥廷', '', 'mail81955@test.com', '0976696422', '1989-09-10', '宜蘭縣', '2024-12-31 14:24:45'),
(113, '董冠宇', '', 'mail50159@test.com', '0914084178', '1997-05-10', '金門縣', '2024-12-31 14:24:45'),
(114, '彭家瑋', '', 'mail77250@test.com', '0979349137', '1996-03-15', '花蓮縣', '2024-12-31 14:24:45'),
(115, '張冠廷', '', 'mail55551@test.com', '0954737320', '1991-12-24', '基隆市', '2024-12-31 14:24:45'),
(116, '程怡婷', '', 'mail72133@test.com', '0959960795', '1988-04-01', '連江縣', '2024-12-31 14:24:45'),
(117, '彭宗翰', '', 'mail63849@test.com', '0924879846', '1990-09-23', '嘉義縣', '2024-12-31 14:24:45'),
(118, '鄭冠霖', '', 'mail58809@test.com', '0967761228', '1998-01-02', '高雄市', '2024-12-31 14:24:45'),
(119, '馮家瑋', '', 'mail30841@test.com', '0917000063', '1999-03-22', '新北市', '2024-12-31 14:24:45'),
(120, '黃家瑋', '', 'mail63377@test.com', '0959994336', '1993-06-11', '連江縣', '2024-12-31 14:24:45'),
(121, '梁承翰', '', 'mail56869@test.com', '0922695474', '1997-12-29', '屏東縣', '2024-12-31 14:24:45'),
(122, '陳冠霖', '', 'mail45401@test.com', '0922309811', '1997-08-24', '臺北市', '2024-12-31 14:24:45'),
(123, '呂怡萱', '', 'mail37814@test.com', '0930731107', '1993-07-23', '臺東縣', '2024-12-31 14:24:45'),
(124, '徐柏翰', '', 'mail44820@test.com', '0917134480', '1985-10-20', '南投縣', '2024-12-31 14:24:45'),
(125, '李雅筑', '', 'mail89941@test.com', '0945545881', '1998-04-11', '澎湖縣', '2024-12-31 14:24:45'),
(126, '程詩涵', '', 'mail79462@test.com', '0969662199', '1997-06-20', '連江縣', '2024-12-31 14:24:45'),
(127, '袁雅婷', '', 'mail58361@test.com', '0962513040', '1992-12-09', '澎湖縣', '2024-12-31 14:24:45'),
(128, '梁宇軒', '', 'mail63374@test.com', '0931791747', '1985-08-04', '臺東縣', '2024-12-31 14:24:45'),
(129, '朱宗翰', '', 'mail50041@test.com', '0993773353', '1999-08-21', '苗栗縣', '2024-12-31 14:24:45'),
(130, '李冠霖', '', 'mail58291@test.com', '0917009456', '1985-12-11', '花蓮縣', '2024-12-31 14:24:45'),
(131, '劉家瑋', '', 'mail85666@test.com', '0994265566', '1995-05-18', '嘉義市', '2024-12-31 14:24:45'),
(132, '袁承翰', '', 'mail17017@test.com', '0963238715', '1993-10-01', '宜蘭縣', '2024-12-31 14:24:45'),
(133, '袁彥廷', '', 'mail79542@test.com', '0940912768', '1993-12-17', '南投縣', '2024-12-31 14:24:45'),
(134, '傅家瑋', '', 'mail48018@test.com', '0963489399', '1987-11-20', '彰化縣', '2024-12-31 14:24:45'),
(135, '程冠霖', '', 'mail91257@test.com', '0937412992', '1997-05-10', '新北市', '2024-12-31 14:24:45'),
(136, '胡雅筑', '', 'mail43577@test.com', '0926711496', '1987-04-22', '臺東縣', '2024-12-31 14:24:45'),
(137, '唐宇軒', '', 'mail12020@test.com', '0959129866', '1996-06-25', '高雄市', '2024-12-31 14:24:45'),
(138, '於冠宇', '', 'mail46860@test.com', '0987451439', '1988-08-31', '連江縣', '2024-12-31 14:24:45'),
(139, '鄭宗翰', '', 'mail94174@test.com', '0916808516', '1991-07-13', '新竹縣', '2024-12-31 14:24:45'),
(140, '傅宗翰', '', 'mail97277@test.com', '0954003419', '1995-01-31', '新竹市', '2024-12-31 14:24:45'),
(141, '曹宜庭', '', 'mail74844@test.com', '0910567886', '1986-01-01', '高雄市', '2024-12-31 14:24:45'),
(142, '呂彥廷', '', 'mail56278@test.com', '0998051488', '1993-04-03', '新竹市', '2024-12-31 14:24:45'),
(143, '呂宇軒', '', 'mail88919@test.com', '0914765838', '1985-07-04', '雲林縣', '2024-12-31 14:24:45'),
(144, '周鈺婷', '', 'mail22994@test.com', '0924421696', '1999-08-28', '嘉義市', '2024-12-31 14:24:45'),
(145, '蕭柏翰', '', 'mail10500@test.com', '0951493979', '1998-07-19', '嘉義縣', '2024-12-31 14:24:45'),
(146, '胡宇軒', '', 'mail61744@test.com', '0939027620', '1995-04-14', '臺南市', '2024-12-31 14:24:45'),
(147, '沈家豪', '', 'mail66573@test.com', '0998832900', '1987-12-21', '金門縣', '2024-12-31 14:24:45'),
(148, '楊怡萱', '', 'mail69323@test.com', '0956825989', '1989-06-01', '彰化縣', '2024-12-31 14:24:45'),
(149, '吳雅筑', '', 'mail43021@test.com', '0915552598', '1985-05-16', '臺東縣', '2024-12-31 14:24:45'),
(150, '朱詩涵', '', 'mail58258@test.com', '0926086741', '1999-03-04', '金門縣', '2024-12-31 14:24:45'),
(151, '朱冠廷', '', 'mail64591@test.com', '0932721039', '1997-01-27', '臺北市', '2024-12-31 14:24:45'),
(152, '程雅婷', '', 'mail33815@test.com', '0980295121', '1993-09-19', '彰化縣', '2024-12-31 14:24:45'),
(153, '馮宜庭', '', 'mail87648@test.com', '0915728346', '1985-12-07', '新竹市', '2024-12-31 14:24:45'),
(154, '梁怡萱', '', 'mail19441@test.com', '0948611466', '1994-03-03', '桃園市', '2024-12-31 14:24:45'),
(155, '鄧宜庭', '', 'mail70552@test.com', '0932133951', '1986-01-18', '花蓮縣', '2024-12-31 14:24:45'),
(156, '徐郁婷', '', 'mail31524@test.com', '0943968213', '1991-01-13', '新竹縣', '2024-12-31 14:24:45'),
(157, '於冠宇', '', 'mail85886@test.com', '0961406208', '1998-07-03', '南投縣', '2024-12-31 14:24:45'),
(158, '陳宜庭', '', 'mail10041@test.com', '0959771367', '1996-11-11', '連江縣', '2024-12-31 14:24:45'),
(159, '宋鈺婷', '', 'mail39659@test.com', '0989169864', '1991-02-05', '臺中市', '2024-12-31 14:24:45'),
(160, '李雅婷', '', 'mail40587@test.com', '0934699042', '1985-10-04', '新北市', '2024-12-31 14:24:45'),
(161, '許宗翰', '', 'mail89510@test.com', '0970058050', '1985-05-15', '桃園市', '2024-12-31 14:24:45'),
(162, '張宜庭', '', 'mail11811@test.com', '0924201666', '1999-06-14', '彰化縣', '2024-12-31 14:24:45'),
(163, '傅柏翰', '', 'mail19178@test.com', '0963790106', '1986-06-24', '花蓮縣', '2024-12-31 14:24:45'),
(164, '呂雅筑', '', 'mail59619@test.com', '0915888785', '1999-06-18', '金門縣', '2024-12-31 14:24:45'),
(165, '張佳穎', '', 'mail25972@test.com', '0997958483', '1996-03-30', '嘉義市', '2024-12-31 14:24:45'),
(166, '劉家瑋', '', 'mail98479@test.com', '0975358521', '1996-09-27', '嘉義縣', '2024-12-31 14:24:45'),
(167, '黃鈺婷', '', 'mail51134@test.com', '0925067632', '1985-07-25', '屏東縣', '2024-12-31 14:24:45'),
(168, '周雅筑', '', 'mail95404@test.com', '0962083866', '1996-05-25', '南投縣', '2024-12-31 14:24:45'),
(169, '韓宗翰', '', 'mail21903@test.com', '0943637647', '1986-10-10', '臺南市', '2024-12-31 14:24:45'),
(170, '郭冠廷', '', 'mail91416@test.com', '0968560267', '1992-10-16', '新竹縣', '2024-12-31 14:24:45'),
(171, '於柏翰', '', 'mail73338@test.com', '0944816079', '1987-08-22', '新北市', '2024-12-31 14:24:45'),
(172, '韓雅婷', '', 'mail32677@test.com', '0926545745', '1996-08-13', '臺北市', '2024-12-31 14:24:45'),
(173, '宋柏翰', '', 'mail67855@test.com', '0977534658', '1997-05-23', '新竹市', '2024-12-31 14:24:45'),
(174, '陳鈺婷', '', 'mail98585@test.com', '0929309493', '1997-01-15', '高雄市', '2024-12-31 14:24:45'),
(175, '唐冠廷', '', 'mail51274@test.com', '0981075454', '1991-11-06', '桃園市', '2024-12-31 14:24:45'),
(176, '陳承翰', '', 'mail62875@test.com', '0928622291', '1988-08-17', '雲林縣', '2024-12-31 14:24:45'),
(177, '楊怡萱', '', 'mail44504@test.com', '0976323563', '1995-11-02', '臺北市', '2024-12-31 14:24:45'),
(178, '傅鈺婷', '', 'mail14834@test.com', '0915073971', '1999-03-26', '南投縣', '2024-12-31 14:24:45'),
(179, '劉冠宇', '', 'mail80549@test.com', '0979758218', '1995-01-22', '花蓮縣', '2024-12-31 14:24:45'),
(180, '唐郁婷', '', 'mail39241@test.com', '0944176985', '1998-06-01', '臺南市', '2024-12-31 14:24:45'),
(181, '黃宇軒', '', 'mail42402@test.com', '0920181032', '1987-04-29', '花蓮縣', '2024-12-31 14:24:45'),
(182, '吳冠廷', '', 'mail11363@test.com', '0912767555', '1996-03-24', '金門縣', '2024-12-31 14:24:45'),
(183, '朱家豪', '', 'mail82223@test.com', '0920159500', '1997-01-20', '新竹縣', '2024-12-31 14:24:45'),
(184, '梁怡萱', '', 'mail38255@test.com', '0972076440', '1992-02-01', '苗栗縣', '2024-12-31 14:24:45'),
(185, '曹佳穎', '', 'mail35105@test.com', '0929040973', '1997-02-14', '南投縣', '2024-12-31 14:24:45'),
(186, '徐雅婷', '', 'mail47497@test.com', '0993789382', '1999-04-03', '新北市', '2024-12-31 14:24:45'),
(187, '朱郁婷', '', 'mail68716@test.com', '0996930356', '1999-11-25', '嘉義縣', '2024-12-31 14:24:45'),
(188, '張宗翰', '', 'mail87845@test.com', '0936875684', '1996-07-27', '連江縣', '2024-12-31 14:24:45'),
(189, '董鈺婷', '', 'mail34162@test.com', '0959931397', '1998-02-19', '花蓮縣', '2024-12-31 14:24:45'),
(190, '朱怡君', '', 'mail37083@test.com', '0923161187', '1992-08-13', '新竹縣', '2024-12-31 14:24:45'),
(191, '吳怡君', '', 'mail88543@test.com', '0977514261', '1995-10-12', '花蓮縣', '2024-12-31 14:24:45'),
(192, '黃冠霖', '', 'mail10689@test.com', '0913660172', '1989-03-25', '彰化縣', '2024-12-31 14:24:45'),
(193, '宋詩涵', '', 'mail68138@test.com', '0964939040', '1989-02-08', '臺北市', '2024-12-31 14:24:45'),
(194, '朱柏翰', '', 'mail86912@test.com', '0950334492', '1989-09-06', '臺北市', '2024-12-31 14:24:45'),
(195, '董家豪', '', 'mail39637@test.com', '0972852029', '1990-04-18', '南投縣', '2024-12-31 14:24:45'),
(196, '胡鈺婷', '', 'mail62294@test.com', '0914695718', '1986-10-14', '金門縣', '2024-12-31 14:24:45'),
(197, '張鈺婷', '', 'mail63374@test.com', '0928621599', '1995-01-14', '基隆市', '2024-12-31 14:24:45'),
(198, '傅冠霖', '', 'mail70828@test.com', '0962232169', '1988-06-22', '花蓮縣', '2024-12-31 14:24:45'),
(199, '董雅筑', '', 'mail22203@test.com', '0947435911', '1987-11-14', '花蓮縣', '2024-12-31 14:24:45'),
(200, '孫雅筑', '', 'mail79634@test.com', '0953849538', '1987-10-25', '新竹市', '2024-12-31 14:24:45'),
(201, '周郁婷', '', 'mail86524@test.com', '0911263192', '1990-02-27', '金門縣', '2024-12-31 14:24:45'),
(202, '吳郁婷', '', 'mail42681@test.com', '0992728738', '1991-09-30', '新竹市', '2024-12-31 14:24:45'),
(203, '梁家瑋', '', 'mail81963@test.com', '0953001249', '1987-12-07', '臺南市', '2024-12-31 14:24:45'),
(204, '林家瑋', '', 'mail86294@test.com', '0922493588', '1999-06-20', '臺南市', '2024-12-31 14:24:45'),
(205, '謝雅婷', '', 'mail84614@test.com', '0948124712', '1985-07-03', '南投縣', '2024-12-31 14:24:45'),
(206, '李承翰', '', 'mail94071@test.com', '0915899695', '1999-08-14', '新竹縣', '2024-12-31 14:24:45'),
(207, '何雅筑', '', 'mail25542@test.com', '0920331812', '1990-02-26', '臺北市', '2024-12-31 14:24:45'),
(208, '羅冠霖', '', 'mail37955@test.com', '0938554161', '1988-02-09', '臺南市', '2024-12-31 14:24:45'),
(209, '曾彥廷', '', 'mail88308@test.com', '0928361949', '1998-06-12', '桃園市', '2024-12-31 14:24:45'),
(210, '蕭詩涵', '', 'mail60346@test.com', '0912218584', '1998-07-06', '桃園市', '2024-12-31 14:24:45'),
(211, '鄧宇軒', '', 'mail59861@test.com', '0982932269', '1990-06-20', '澎湖縣', '2024-12-31 14:24:45'),
(212, '唐怡萱', '', 'mail63026@test.com', '0990069346', '1995-12-31', '嘉義市', '2024-12-31 14:24:45'),
(213, '鄭雅婷', '', 'mail70014@test.com', '0926388721', '1996-10-06', '澎湖縣', '2024-12-31 14:24:45'),
(214, '何冠廷', '', 'mail45085@test.com', '0963634611', '1985-07-25', '苗栗縣', '2024-12-31 14:24:45'),
(215, '董宗翰', '', 'mail81028@test.com', '0989537391', '1985-12-07', '臺北市', '2024-12-31 14:24:45'),
(216, '彭冠廷', '', 'mail73020@test.com', '0980146527', '1997-08-12', '臺北市', '2024-12-31 14:24:45'),
(217, '許宇軒', '', 'mail70495@test.com', '0991900534', '1990-06-09', '桃園市', '2024-12-31 14:24:45'),
(218, '袁鈺婷', '', 'mail34662@test.com', '0959637340', '1994-12-21', '桃園市', '2024-12-31 14:24:45'),
(219, '周宇軒', '', 'mail21213@test.com', '0932993105', '1995-04-08', '臺中市', '2024-12-31 14:24:45'),
(220, '彭佳穎', '', 'mail63082@test.com', '0943081909', '1986-09-03', '臺中市', '2024-12-31 14:24:45'),
(221, '彭宜庭', '', 'mail29920@test.com', '0974861147', '1996-11-19', '南投縣', '2024-12-31 14:24:45'),
(222, '許承翰', '', 'mail14125@test.com', '0974743645', '1986-07-24', '高雄市', '2024-12-31 14:24:45'),
(223, '胡宜庭', '', 'mail88088@test.com', '0998156727', '1999-02-14', '嘉義縣', '2024-12-31 14:24:45'),
(224, '韓冠霖', '', 'mail47579@test.com', '0967761294', '1991-05-03', '金門縣', '2024-12-31 14:24:45'),
(225, '周詩涵', '', 'mail45554@test.com', '0971584743', '1998-03-27', '基隆市', '2024-12-31 14:24:45'),
(226, '程冠宇', '', 'mail77786@test.com', '0965704873', '1997-08-08', '臺中市', '2024-12-31 14:24:45'),
(227, '程冠霖', '', 'mail79699@test.com', '0948840081', '1989-11-07', '臺南市', '2024-12-31 14:24:45'),
(228, '董柏翰', '', 'mail17249@test.com', '0973119541', '1992-01-16', '新竹縣', '2024-12-31 14:24:45'),
(229, '馬柏翰', '', 'mail38920@test.com', '0970000824', '1989-05-08', '彰化縣', '2024-12-31 14:24:45'),
(230, '傅詩涵', '', 'mail85949@test.com', '0986788968', '1996-09-08', '桃園市', '2024-12-31 14:24:45'),
(231, '高怡君', '', 'mail15685@test.com', '0958018710', '1992-09-19', '雲林縣', '2024-12-31 14:24:45'),
(232, '李彥廷', '', 'mail93778@test.com', '0971981119', '1989-05-16', '宜蘭縣', '2024-12-31 14:24:45'),
(233, '沈雅筑', '', 'mail45196@test.com', '0960281212', '1999-08-14', '金門縣', '2024-12-31 14:24:45'),
(234, '韓詩涵', '', 'mail94832@test.com', '0940104135', '1999-06-29', '連江縣', '2024-12-31 14:24:45'),
(235, '沈彥廷', '', 'mail29942@test.com', '0990508871', '1995-05-09', '澎湖縣', '2024-12-31 14:24:45'),
(236, '王宗翰', '', 'mail28763@test.com', '0923364924', '1998-03-10', '金門縣', '2024-12-31 14:24:45'),
(237, '曹柏翰', '', 'mail62295@test.com', '0959453188', '1995-06-30', '彰化縣', '2024-12-31 14:24:45'),
(238, '韓詩涵', '', 'mail18049@test.com', '0910477130', '1990-01-01', '花蓮縣', '2024-12-31 14:24:45'),
(239, '劉家豪', '', 'mail73901@test.com', '0939879543', '1993-10-13', '臺南市', '2024-12-31 14:24:45'),
(240, '鄧冠宇', '', 'mail73695@test.com', '0974395947', '1999-05-26', '臺北市', '2024-12-31 14:24:45'),
(241, '黃怡萱', '', 'mail35882@test.com', '0983010000', '1995-09-03', '桃園市', '2024-12-31 14:24:45'),
(242, '陳宜庭', '', 'mail49717@test.com', '0955414950', '1994-03-24', '臺北市', '2024-12-31 14:24:45'),
(243, '胡怡君', '', 'mail51721@test.com', '0999503527', '1998-07-06', '新北市', '2024-12-31 14:24:45'),
(244, '孫宇軒', '', 'mail27268@test.com', '0981513360', '1985-12-26', '澎湖縣', '2024-12-31 14:24:45'),
(245, '鄧詩涵', '', 'mail28374@test.com', '0977135498', '1986-05-01', '雲林縣', '2024-12-31 14:24:45'),
(246, '宋宇軒', '', 'mail60285@test.com', '0952514102', '1986-05-28', '澎湖縣', '2024-12-31 14:24:45'),
(247, '黃鈺婷', '', 'mail37147@test.com', '0925279453', '1989-11-26', '高雄市', '2024-12-31 14:24:45'),
(248, '周宇軒', '', 'mail31606@test.com', '0985507633', '1997-03-21', '宜蘭縣', '2024-12-31 14:24:45'),
(249, '郭承翰', '', 'mail89059@test.com', '0924885058', '1987-01-13', '臺中市', '2024-12-31 14:24:45'),
(250, '傅鈺婷', '', 'mail47527@test.com', '0926988105', '1987-05-10', '屏東縣', '2024-12-31 14:24:45'),
(251, '梁冠宇', '', 'mail20522@test.com', '0960071400', '1991-04-17', '屏東縣', '2024-12-31 14:24:45'),
(252, '許宗翰', '', 'mail17125@test.com', '0968848235', '1998-07-23', '苗栗縣', '2024-12-31 14:24:45'),
(253, '馬柏翰', '', 'mail16476@test.com', '0946672322', '1993-07-31', '南投縣', '2024-12-31 14:24:45'),
(254, '鄭柏翰', '', 'mail77048@test.com', '0952825263', '1998-07-02', '連江縣', '2024-12-31 14:24:45'),
(255, '王雅筑', '', 'mail83741@test.com', '0965044868', '1998-11-03', '花蓮縣', '2024-12-31 14:24:45'),
(256, '陳冠廷', '', 'mail82745@test.com', '0983085388', '1988-07-29', '臺中市', '2024-12-31 14:24:45'),
(257, '鄭怡婷', '', 'mail10817@test.com', '0987194574', '1988-10-20', '臺中市', '2024-12-31 14:24:45'),
(258, '於雅筑', '', 'mail84368@test.com', '0947518179', '1987-11-03', '屏東縣', '2024-12-31 14:24:45'),
(259, '胡家豪', '', 'mail42469@test.com', '0916040909', '1995-09-08', '嘉義市', '2024-12-31 14:24:45'),
(260, '何冠廷', '', 'mail58630@test.com', '0930722316', '1996-09-16', '澎湖縣', '2024-12-31 14:24:45'),
(261, '何詩涵', '', 'mail91175@test.com', '0985218356', '1997-03-04', '花蓮縣', '2024-12-31 14:24:45'),
(262, '董詩涵', '', 'mail80955@test.com', '0959900613', '1989-11-19', '澎湖縣', '2024-12-31 14:24:45'),
(263, '唐宜庭', '', 'mail21720@test.com', '0954515873', '1991-11-19', '連江縣', '2024-12-31 14:24:45'),
(264, '傅鈺婷', '', 'mail96968@test.com', '0937447389', '1996-12-09', '雲林縣', '2024-12-31 14:24:45'),
(265, '朱怡君', '', 'mail54380@test.com', '0923198102', '1993-05-22', '臺北市', '2024-12-31 14:24:45'),
(266, '胡詩涵', '', 'mail30467@test.com', '0998445002', '1988-07-30', '高雄市', '2024-12-31 14:24:45'),
(267, '董冠霖', '', 'mail90362@test.com', '0940425812', '1995-09-03', '桃園市', '2024-12-31 14:24:45'),
(268, '馬詩涵', '', 'mail96110@test.com', '0923682655', '1998-12-20', '新竹市', '2024-12-31 14:24:45'),
(269, '劉冠霖', '', 'mail79138@test.com', '0915086290', '1985-03-06', '新北市', '2024-12-31 14:24:45'),
(270, '周彥廷', '', 'mail44244@test.com', '0991706367', '1993-01-30', '高雄市', '2024-12-31 14:24:45'),
(271, '傅詩涵', '', 'mail51262@test.com', '0928073191', '1989-06-03', '新竹市', '2024-12-31 14:24:45'),
(272, '宋詩涵', '', 'mail37842@test.com', '0960999502', '1997-04-13', '基隆市', '2024-12-31 14:24:45'),
(273, '韓宜庭', '', 'mail22615@test.com', '0925517097', '1992-05-18', '花蓮縣', '2024-12-31 14:24:45'),
(274, '傅冠霖', '', 'mail99580@test.com', '0938686801', '1998-09-19', '宜蘭縣', '2024-12-31 14:24:45'),
(275, '唐詩涵', '', 'mail69160@test.com', '0970975902', '1991-02-14', '臺南市', '2024-12-31 14:24:45'),
(276, '沈家瑋', '', 'mail18309@test.com', '0922230110', '1996-09-02', '花蓮縣', '2024-12-31 14:24:45'),
(277, '王家豪', '', 'mail85551@test.com', '0970530004', '1992-03-27', '新竹市', '2024-12-31 14:24:45'),
(278, '董雅筑', '', 'mail20207@test.com', '0929138111', '1989-01-20', '臺南市', '2024-12-31 14:24:45'),
(279, '沈家豪', '', 'mail19888@test.com', '0989023862', '1990-12-20', '宜蘭縣', '2024-12-31 14:24:45'),
(280, '馮雅筑', '', 'mail72055@test.com', '0958788104', '1988-07-09', '新竹縣', '2024-12-31 14:24:45'),
(281, '趙家豪', '', 'mail51447@test.com', '0990424071', '1986-05-02', '連江縣', '2024-12-31 14:24:45'),
(282, '羅怡萱', '', 'mail81284@test.com', '0932525898', '1991-10-20', '臺北市', '2024-12-31 14:24:45'),
(283, '吳冠廷', '', 'mail24845@test.com', '0910317630', '1998-03-07', '桃園市', '2024-12-31 14:24:45'),
(284, '陳柏翰', '', 'mail35016@test.com', '0955574305', '1992-07-09', '澎湖縣', '2024-12-31 14:24:45'),
(285, '曾郁婷', '', 'mail52940@test.com', '0977831420', '1994-11-05', '澎湖縣', '2024-12-31 14:24:45'),
(286, '周怡萱', '', 'mail59339@test.com', '0920372916', '1987-11-01', '南投縣', '2024-12-31 14:24:46'),
(287, '朱怡婷', '', 'mail16551@test.com', '0920293000', '1997-08-07', '宜蘭縣', '2024-12-31 14:24:46'),
(288, '周怡君', '', 'mail98772@test.com', '0971122440', '1994-04-08', '花蓮縣', '2024-12-31 14:24:46'),
(289, '陳冠宇', '', 'mail69636@test.com', '0987535623', '1989-05-21', '花蓮縣', '2024-12-31 14:24:46'),
(290, '孫佳穎', '', 'mail35647@test.com', '0932044459', '1985-06-20', '基隆市', '2024-12-31 14:24:46'),
(291, '沈宇軒', '', 'mail52376@test.com', '0950486045', '1986-05-23', '嘉義縣', '2024-12-31 14:24:46'),
(292, '孫佳穎', '', 'mail59337@test.com', '0937207156', '1993-01-06', '南投縣', '2024-12-31 14:24:46'),
(293, '傅郁婷', '', 'mail90713@test.com', '0961512948', '1988-09-07', '雲林縣', '2024-12-31 14:24:46'),
(294, '董家豪', '', 'mail11863@test.com', '0977066396', '1986-11-03', '屏東縣', '2024-12-31 14:24:46'),
(295, '曾怡君', '', 'mail72463@test.com', '0982158032', '1997-04-11', '臺北市', '2024-12-31 14:24:46'),
(296, '於怡萱', '', 'mail24727@test.com', '0962251347', '1991-01-18', '苗栗縣', '2024-12-31 14:24:46'),
(297, '曹冠霖', '', 'mail83956@test.com', '0973483328', '1991-05-17', '臺北市', '2024-12-31 14:24:46'),
(298, '朱宗翰', '', 'mail36497@test.com', '0984999200', '1986-01-27', '屏東縣', '2024-12-31 14:24:46'),
(299, '董怡婷', '', 'mail91796@test.com', '0947691977', '1992-01-17', '苗栗縣', '2024-12-31 14:24:46'),
(300, '林怡萱', '', 'mail71988@test.com', '0921913078', '1999-02-16', '高雄市', '2024-12-31 14:24:46'),
(301, '宋郁婷', '', 'mail31175@test.com', '0924569243', '1988-06-02', '屏東縣', '2024-12-31 14:24:46'),
(302, '何雅婷', '', 'mail54594@test.com', '0912878363', '1994-03-18', '花蓮縣', '2024-12-31 14:24:46'),
(303, '黃家瑋', '', 'mail53535@test.com', '0931775374', '1991-09-11', '雲林縣', '2024-12-31 14:24:46'),
(304, '董冠廷', '', 'mail20227@test.com', '0925475897', '1990-10-10', '雲林縣', '2024-12-31 14:24:46'),
(305, '韓冠霖', '', 'mail82250@test.com', '0967791212', '1999-03-30', '新竹縣', '2024-12-31 14:24:46'),
(306, '袁家豪', '', 'mail39158@test.com', '0972609517', '1991-11-29', '苗栗縣', '2024-12-31 14:24:46'),
(307, '何雅筑', '', 'mail80619@test.com', '0949352891', '1991-06-04', '苗栗縣', '2024-12-31 14:24:46'),
(308, '程怡萱', '', 'mail39649@test.com', '0964582389', '1999-02-12', '花蓮縣', '2024-12-31 14:24:46'),
(309, '唐雅筑', '', 'mail11667@test.com', '0983596732', '1996-07-18', '花蓮縣', '2024-12-31 14:24:46'),
(310, '吳詩涵', '', 'mail81972@test.com', '0918183964', '1986-12-03', '連江縣', '2024-12-31 14:24:46'),
(311, '唐怡婷', '', 'mail36018@test.com', '0926157894', '1987-11-20', '桃園市', '2024-12-31 14:24:46'),
(312, '呂怡萱', '', 'mail86842@test.com', '0955028401', '1996-12-14', '南投縣', '2024-12-31 14:24:46'),
(313, '羅詩涵', '', 'mail87311@test.com', '0939963324', '1986-03-29', '新竹縣', '2024-12-31 14:24:46'),
(314, '林怡君', '', 'mail61036@test.com', '0924383329', '1997-03-05', '嘉義市', '2024-12-31 14:24:46'),
(315, '林佳穎', '', 'mail18525@test.com', '0969684500', '1991-06-17', '新竹市', '2024-12-31 14:24:46'),
(316, '呂詩涵', '', 'mail29949@test.com', '0944300671', '1992-11-25', '金門縣', '2024-12-31 14:24:46'),
(317, '程郁婷', '', 'mail84282@test.com', '0933172238', '1995-06-10', '宜蘭縣', '2024-12-31 14:24:46'),
(318, '謝宜庭', '', 'mail56144@test.com', '0927832557', '1990-07-06', '臺北市', '2024-12-31 14:24:46'),
(319, '呂怡婷', '', 'mail85052@test.com', '0929988624', '1989-12-11', '南投縣', '2024-12-31 14:24:46'),
(320, '王雅筑', '', 'mail49101@test.com', '0968620089', '1997-04-26', '澎湖縣', '2024-12-31 14:24:46'),
(321, '董宜庭', '', 'mail53165@test.com', '0950296173', '1995-07-26', '嘉義市', '2024-12-31 14:24:46'),
(322, '何冠廷', '', 'mail67779@test.com', '0981036392', '1989-05-20', '新竹市', '2024-12-31 14:24:46'),
(323, '曾宗翰', '', 'mail72642@test.com', '0980320111', '1997-10-11', '臺南市', '2024-12-31 14:24:46'),
(324, '馮宗翰', '', 'mail99835@test.com', '0924173575', '1997-05-05', '臺中市', '2024-12-31 14:24:46'),
(325, '梁怡萱', '', 'mail34269@test.com', '0917977299', '1993-07-02', '南投縣', '2024-12-31 14:24:46'),
(326, '李詩涵', '', 'mail54783@test.com', '0942844330', '1998-06-11', '連江縣', '2024-12-31 14:24:46'),
(327, '曾柏翰', '', 'mail24381@test.com', '0984448698', '1987-08-03', '新竹縣', '2024-12-31 14:24:46'),
(328, '鄧冠廷', '', 'mail18291@test.com', '0943989554', '1998-10-07', '宜蘭縣', '2024-12-31 14:24:46'),
(329, '張怡萱', '', 'mail18251@test.com', '0970488279', '1995-01-06', '臺中市', '2024-12-31 14:24:46'),
(330, '於怡君', '', 'mail69519@test.com', '0956691290', '1986-09-12', '新竹縣', '2024-12-31 14:24:46'),
(331, '程雅婷', '', 'mail41767@test.com', '0952059262', '1992-11-14', '臺東縣', '2024-12-31 14:24:46'),
(332, '韓雅婷', '', 'mail60649@test.com', '0920866179', '1986-02-25', '花蓮縣', '2024-12-31 14:24:46'),
(333, '徐雅婷', '', 'mail54989@test.com', '0915567773', '1998-04-08', '臺中市', '2024-12-31 14:24:46'),
(334, '程冠宇', '', 'mail18009@test.com', '0974831425', '1986-02-12', '彰化縣', '2024-12-31 14:24:46'),
(335, '孫怡婷', '', 'mail14404@test.com', '0941388300', '1993-04-17', '嘉義縣', '2024-12-31 14:24:46'),
(336, '宋冠廷', '', 'mail99484@test.com', '0924693024', '1985-10-28', '高雄市', '2024-12-31 14:24:46'),
(337, '程家瑋', '', 'mail78976@test.com', '0930800226', '1988-09-01', '連江縣', '2024-12-31 14:24:46'),
(338, '傅怡君', '', 'mail95811@test.com', '0951116109', '1999-01-05', '宜蘭縣', '2024-12-31 14:24:46'),
(339, '袁冠宇', '', 'mail47935@test.com', '0989334058', '1989-07-07', '澎湖縣', '2024-12-31 14:24:46'),
(340, '許彥廷', '', 'mail97428@test.com', '0932238268', '1990-08-29', '新竹市', '2024-12-31 14:24:46'),
(341, '於怡婷', '', 'mail17052@test.com', '0931294756', '1999-05-08', '臺北市', '2024-12-31 14:24:46'),
(342, '於佳穎', '', 'mail40644@test.com', '0995205533', '1989-02-22', '臺南市', '2024-12-31 14:24:46'),
(343, '唐怡萱', '', 'mail98595@test.com', '0964979726', '1998-10-11', '屏東縣', '2024-12-31 14:24:46'),
(344, '謝宗翰', '', 'mail61697@test.com', '0997583878', '1985-09-26', '金門縣', '2024-12-31 14:24:46'),
(345, '周雅婷', '', 'mail53637@test.com', '0960407573', '1989-09-27', '金門縣', '2024-12-31 14:24:46'),
(346, '許冠廷', '', 'mail11049@test.com', '0990246861', '1992-12-25', '嘉義縣', '2024-12-31 14:24:46'),
(347, '王柏翰', '', 'mail90431@test.com', '0983989026', '1996-03-14', '花蓮縣', '2024-12-31 14:24:46'),
(348, '呂冠宇', '', 'mail16703@test.com', '0946737842', '1988-12-26', '嘉義市', '2024-12-31 14:24:46'),
(349, '沈郁婷', '', 'mail16917@test.com', '0974230013', '1996-09-27', '澎湖縣', '2024-12-31 14:24:46'),
(350, '黃宇軒', '', 'mail81165@test.com', '0946489443', '1998-05-06', '臺中市', '2024-12-31 14:24:46'),
(351, '唐承翰', '', 'mail73292@test.com', '0925588502', '1994-01-09', '嘉義市', '2024-12-31 14:24:46'),
(352, '彭冠宇', '', 'mail71559@test.com', '0972624933', '1987-02-18', '雲林縣', '2024-12-31 14:24:46'),
(353, '楊家瑋', '', 'mail74774@test.com', '0926101950', '1992-04-25', '彰化縣', '2024-12-31 14:24:46'),
(354, '王柏翰', '', 'mail36552@test.com', '0964130624', '1990-06-26', '南投縣', '2024-12-31 14:24:46'),
(355, '唐冠霖', '', 'mail83697@test.com', '0990140203', '1997-10-24', '高雄市', '2024-12-31 14:24:46'),
(356, '鄧佳穎', '', 'mail37233@test.com', '0973840981', '1995-03-16', '雲林縣', '2024-12-31 14:24:46'),
(357, '許怡萱', '', 'mail11601@test.com', '0968360087', '1996-04-30', '臺中市', '2024-12-31 14:24:46'),
(358, '唐宇軒', '', 'mail83693@test.com', '0969489595', '1989-11-17', '澎湖縣', '2024-12-31 14:24:46'),
(359, '呂宗翰', '', 'mail57595@test.com', '0979872647', '1998-11-13', '基隆市', '2024-12-31 14:24:46'),
(360, '宋佳穎', '', 'mail38319@test.com', '0949857032', '1988-06-27', '苗栗縣', '2024-12-31 14:24:46'),
(361, '沈怡萱', '', 'mail25604@test.com', '0926334025', '1991-12-02', '苗栗縣', '2024-12-31 14:24:46'),
(362, '郭宇軒', '', 'mail21129@test.com', '0972739559', '1985-11-19', '嘉義縣', '2024-12-31 14:24:46'),
(363, '郭家瑋', '', 'mail41852@test.com', '0942595383', '1985-10-02', '屏東縣', '2024-12-31 14:24:46'),
(364, '張冠廷', '', 'mail91053@test.com', '0962499190', '1986-10-07', '臺北市', '2024-12-31 14:24:46'),
(365, '楊怡君', '', 'mail84847@test.com', '0911969696', '1986-01-17', '桃園市', '2024-12-31 14:24:46'),
(366, '宋詩涵', '', 'mail26524@test.com', '0940408299', '1989-04-06', '金門縣', '2024-12-31 14:24:46'),
(367, '韓怡君', '', 'mail85087@test.com', '0975637659', '1985-07-20', '新竹市', '2024-12-31 14:24:46'),
(368, '胡柏翰', '', 'mail74357@test.com', '0934569925', '1991-06-12', '屏東縣', '2024-12-31 14:24:46'),
(369, '董家瑋', '', 'mail69449@test.com', '0917352926', '1992-05-23', '宜蘭縣', '2024-12-31 14:24:46'),
(370, '謝怡萱', '', 'mail78287@test.com', '0987370452', '1996-08-20', '南投縣', '2024-12-31 14:24:46'),
(371, '謝承翰', '', 'mail67651@test.com', '0915513732', '1988-09-01', '新竹縣', '2024-12-31 14:24:46'),
(372, '郭佳穎', '', 'mail65605@test.com', '0947658046', '1997-01-22', '屏東縣', '2024-12-31 14:24:46'),
(373, '李冠宇', '', 'mail88012@test.com', '0952569314', '1998-09-19', '苗栗縣', '2024-12-31 14:24:46'),
(374, '呂怡萱', '', 'mail75760@test.com', '0951114828', '1990-08-23', '彰化縣', '2024-12-31 14:24:46'),
(375, '傅家瑋', '', 'mail54459@test.com', '0998677025', '1999-03-13', '臺北市', '2024-12-31 14:24:46'),
(376, '周家瑋', '', 'mail78423@test.com', '0982883602', '1989-04-17', '金門縣', '2024-12-31 14:24:46'),
(377, '鄭家瑋', '', 'mail80301@test.com', '0935675402', '1995-08-07', '新竹縣', '2024-12-31 14:24:46'),
(378, '唐承翰', '', 'mail29993@test.com', '0992406747', '1990-04-13', '彰化縣', '2024-12-31 14:24:46'),
(379, '楊詩涵', '', 'mail64903@test.com', '0949279023', '1998-07-29', '新竹市', '2024-12-31 14:24:46'),
(380, '何冠廷', '', 'mail29793@test.com', '0998967831', '1998-10-16', '新竹市', '2024-12-31 14:24:46'),
(381, '曾冠宇', '', 'mail28329@test.com', '0930335092', '1986-08-01', '高雄市', '2024-12-31 14:24:46'),
(382, '徐怡婷', '', 'mail80879@test.com', '0931030241', '1990-10-27', '嘉義市', '2024-12-31 14:24:46'),
(383, '於柏翰', '', 'mail61316@test.com', '0922038990', '1990-02-22', '臺東縣', '2024-12-31 14:24:46'),
(384, '林怡萱', '', 'mail91068@test.com', '0938261380', '1987-04-02', '臺南市', '2024-12-31 14:24:46'),
(385, '何冠霖', '', 'mail63335@test.com', '0982349443', '1985-11-08', '高雄市', '2024-12-31 14:24:46'),
(386, '沈宜庭', '', 'mail99215@test.com', '0935129841', '1988-02-12', '宜蘭縣', '2024-12-31 14:24:46'),
(387, '許宇軒', '', 'mail70197@test.com', '0995952027', '1993-10-31', '宜蘭縣', '2024-12-31 14:24:46'),
(388, '徐郁婷', '', 'mail65788@test.com', '0973656597', '1999-03-09', '新北市', '2024-12-31 14:24:46'),
(389, '胡柏翰', '', 'mail39894@test.com', '0935490806', '1995-06-27', '臺東縣', '2024-12-31 14:24:46'),
(390, '謝怡婷', '', 'mail77771@test.com', '0986202301', '1988-06-09', '宜蘭縣', '2024-12-31 14:24:46'),
(391, '鄭家豪', '', 'mail89659@test.com', '0995615561', '1994-06-26', '彰化縣', '2024-12-31 14:24:46'),
(392, '胡怡婷', '', 'mail19716@test.com', '0978444049', '1998-11-06', '嘉義縣', '2024-12-31 14:24:46'),
(393, '趙鈺婷', '', 'mail50340@test.com', '0941102490', '1995-07-18', '金門縣', '2024-12-31 14:24:46'),
(394, '吳宗翰', '', 'mail83566@test.com', '0961304181', '1998-05-19', '新竹縣', '2024-12-31 14:24:46'),
(395, '於冠霖', '', 'mail80353@test.com', '0971431477', '1987-05-19', '嘉義市', '2024-12-31 14:24:46'),
(396, '馬冠霖', '', 'mail77746@test.com', '0942375313', '1990-06-03', '雲林縣', '2024-12-31 14:24:46'),
(397, '於冠宇', '', 'mail63080@test.com', '0968853507', '1991-12-22', '新北市', '2024-12-31 14:24:46'),
(398, '曾家豪', '', 'mail27483@test.com', '0913510930', '1995-07-12', '宜蘭縣', '2024-12-31 14:24:46'),
(399, '吳怡萱', '', 'mail23286@test.com', '0983483153', '1990-09-20', '金門縣', '2024-12-31 14:24:46'),
(400, '董雅筑', '', 'mail77380@test.com', '0961867352', '1995-03-01', '雲林縣', '2024-12-31 14:24:46'),
(401, '於宗翰', '', 'mail81428@test.com', '0932830501', '1990-07-27', '宜蘭縣', '2024-12-31 14:24:46'),
(402, '鄭怡君', '', 'mail26781@test.com', '0982375248', '1985-04-25', '高雄市', '2024-12-31 14:24:46'),
(403, '李冠霖', '', 'mail63770@test.com', '0942225052', '1987-11-14', '屏東縣', '2024-12-31 14:24:46'),
(404, '宋彥廷', '', 'mail79549@test.com', '0946952499', '1990-02-18', '南投縣', '2024-12-31 14:24:46'),
(405, '唐佳穎', '', 'mail27509@test.com', '0952348555', '1996-08-03', '宜蘭縣', '2024-12-31 14:24:46'),
(406, '梁宇軒', '', 'mail29836@test.com', '0927433053', '1992-11-11', '新北市', '2024-12-31 14:24:46'),
(407, '陳冠宇', '', 'mail97798@test.com', '0999929854', '1998-02-21', '新北市', '2024-12-31 14:24:46'),
(408, '呂彥廷', '', 'mail82151@test.com', '0975656328', '1999-02-22', '臺北市', '2024-12-31 14:24:46'),
(409, '唐雅筑', '', 'mail64825@test.com', '0995825660', '1987-01-01', '宜蘭縣', '2024-12-31 14:24:46'),
(410, '彭承翰', '', 'mail42280@test.com', '0928568764', '1987-05-09', '基隆市', '2024-12-31 14:24:46'),
(411, '馮雅婷', '', 'mail31949@test.com', '0941058029', '1997-03-03', '雲林縣', '2024-12-31 14:24:46'),
(412, '朱冠廷', '', 'mail34285@test.com', '0923482501', '1997-05-10', '嘉義縣', '2024-12-31 14:24:46'),
(413, '鄧宗翰', '', 'mail80442@test.com', '0971096731', '1985-04-21', '雲林縣', '2024-12-31 14:24:46'),
(414, '彭家瑋', '', 'mail15221@test.com', '0934743137', '1999-08-11', '連江縣', '2024-12-31 14:24:46'),
(415, '傅冠霖', '', 'mail45031@test.com', '0925860555', '1997-03-11', '臺南市', '2024-12-31 14:24:46'),
(416, '傅家豪', '', 'mail94333@test.com', '0918807339', '1997-03-22', '苗栗縣', '2024-12-31 14:24:46'),
(417, '羅宗翰', '', 'mail35437@test.com', '0982224548', '1994-02-22', '桃園市', '2024-12-31 14:24:46'),
(418, '於郁婷', '', 'mail47904@test.com', '0953913397', '1996-01-28', '基隆市', '2024-12-31 14:24:46'),
(419, '林承翰', '', 'mail40131@test.com', '0949301207', '1997-07-27', '苗栗縣', '2024-12-31 14:24:46'),
(420, '鄧冠宇', '', 'mail35914@test.com', '0947311047', '1997-12-08', '南投縣', '2024-12-31 14:24:46'),
(421, '何彥廷', '', 'mail27895@test.com', '0936646672', '1998-01-30', '屏東縣', '2024-12-31 14:24:46'),
(422, '袁宗翰', '', 'mail54791@test.com', '0984688513', '1997-05-03', '金門縣', '2024-12-31 14:24:46'),
(423, '韓家瑋', '', 'mail48967@test.com', '0910538476', '1999-10-28', '臺南市', '2024-12-31 14:24:46'),
(424, '劉家豪', '', 'mail53994@test.com', '0914721894', '1994-08-22', '新北市', '2024-12-31 14:24:46'),
(425, '徐宗翰', '', 'mail17079@test.com', '0980764630', '1991-09-06', '臺中市', '2024-12-31 14:24:46'),
(426, '韓怡萱', '', 'mail19349@test.com', '0944274239', '1990-01-21', '嘉義縣', '2024-12-31 14:24:46'),
(427, '朱郁婷', '', 'mail72106@test.com', '0955248377', '1996-05-08', '高雄市', '2024-12-31 14:24:46'),
(428, '韓冠霖', '', 'mail56991@test.com', '0982970540', '1995-08-07', '臺南市', '2024-12-31 14:24:46'),
(429, '謝家瑋', '', 'mail28940@test.com', '0969995703', '1986-03-02', '臺北市', '2024-12-31 14:24:46'),
(430, '張怡婷', '', 'mail28225@test.com', '0924377534', '1993-03-05', '嘉義縣', '2024-12-31 14:24:46'),
(431, '陳承翰', '', 'mail13188@test.com', '0926212675', '1992-12-07', '彰化縣', '2024-12-31 14:24:46'),
(432, '黃冠宇', '', 'mail27893@test.com', '0927437427', '1989-09-02', '嘉義市', '2024-12-31 14:24:46'),
(433, '羅怡萱', '', 'mail21916@test.com', '0935571224', '1990-04-02', '嘉義市', '2024-12-31 14:24:46'),
(434, '程鈺婷', '', 'mail18900@test.com', '0962673476', '1994-07-11', '臺南市', '2024-12-31 14:24:46'),
(435, '李冠霖', '', 'mail79185@test.com', '0932690109', '1989-12-12', '屏東縣', '2024-12-31 14:24:46'),
(436, '劉冠宇', '', 'mail54708@test.com', '0976944035', '1999-12-23', '新竹縣', '2024-12-31 14:24:46'),
(437, '彭雅筑', '', 'mail86952@test.com', '0949704115', '1993-01-03', '嘉義市', '2024-12-31 14:24:46'),
(438, '彭郁婷', '', 'mail34337@test.com', '0946313223', '1987-11-02', '雲林縣', '2024-12-31 14:24:46'),
(439, '宋怡君', '', 'mail99414@test.com', '0926041746', '1985-08-13', '南投縣', '2024-12-31 14:24:46'),
(440, '李佳穎', '', 'mail24352@test.com', '0930643416', '1992-02-02', '連江縣', '2024-12-31 14:24:46'),
(441, '何柏翰', '', 'mail29672@test.com', '0975995621', '1989-05-01', '臺北市', '2024-12-31 14:24:46'),
(442, '孫怡婷', '', 'mail53180@test.com', '0920605715', '1991-01-07', '高雄市', '2024-12-31 14:24:46'),
(443, '曹佳穎', '', 'mail81562@test.com', '0933842010', '1997-11-14', '南投縣', '2024-12-31 14:24:46'),
(444, '郭冠霖', '', 'mail92145@test.com', '0919680731', '1991-03-13', '花蓮縣', '2024-12-31 14:24:46'),
(445, '羅宗翰', '', 'mail49459@test.com', '0944437904', '1990-05-27', '新竹市', '2024-12-31 14:24:46'),
(446, '程承翰', '', 'mail82702@test.com', '0946354273', '1989-04-28', '新北市', '2024-12-31 14:24:46'),
(447, '孫冠霖', '', 'mail43709@test.com', '0975159667', '1990-12-22', '新竹縣', '2024-12-31 14:24:46'),
(448, '孫冠宇', '', 'mail36398@test.com', '0994306436', '1995-08-01', '臺東縣', '2024-12-31 14:24:46'),
(449, '何怡君', '', 'mail99137@test.com', '0994035286', '1989-11-05', '彰化縣', '2024-12-31 14:24:46'),
(450, '張彥廷', '', 'mail20845@test.com', '0962162904', '1994-04-25', '屏東縣', '2024-12-31 14:24:46'),
(451, '程雅筑', '', 'mail78252@test.com', '0928671947', '1998-01-27', '彰化縣', '2024-12-31 14:24:46'),
(452, '黃冠宇', '', 'mail38071@test.com', '0964789263', '1991-09-22', '宜蘭縣', '2024-12-31 14:24:46'),
(453, '趙佳穎', '', 'mail82953@test.com', '0964346758', '1993-05-24', '花蓮縣', '2024-12-31 14:24:46'),
(454, '胡家豪', '', 'mail98824@test.com', '0983914002', '1991-06-28', '基隆市', '2024-12-31 14:24:46'),
(455, '李彥廷', '', 'mail34051@test.com', '0932048670', '1997-03-06', '新北市', '2024-12-31 14:24:46'),
(456, '傅冠宇', '', 'mail56757@test.com', '0947144932', '1998-06-30', '嘉義市', '2024-12-31 14:24:46'),
(457, '韓宇軒', '', 'mail90955@test.com', '0979118928', '1996-10-30', '新北市', '2024-12-31 14:24:46'),
(458, '蕭宇軒', '', 'mail36984@test.com', '0943380589', '1986-02-03', '苗栗縣', '2024-12-31 14:24:46'),
(459, '蕭鈺婷', '', 'mail14491@test.com', '0931861032', '1986-07-27', '雲林縣', '2024-12-31 14:24:46'),
(460, '徐承翰', '', 'mail24368@test.com', '0949730948', '1991-08-04', '嘉義縣', '2024-12-31 14:24:46'),
(461, '鄧冠廷', '', 'mail28607@test.com', '0996126174', '1989-01-16', '花蓮縣', '2024-12-31 14:24:46'),
(462, '趙宜庭', '', 'mail22124@test.com', '0935220842', '1997-11-05', '嘉義縣', '2024-12-31 14:24:46'),
(463, '宋家豪', '', 'mail59798@test.com', '0948315027', '1990-04-10', '高雄市', '2024-12-31 14:24:46'),
(464, '朱冠宇', '', 'mail48188@test.com', '0974532366', '1988-05-28', '臺中市', '2024-12-31 14:24:46'),
(465, '劉冠霖', '', 'mail23609@test.com', '0931511415', '1990-08-26', '南投縣', '2024-12-31 14:24:46'),
(466, '呂佳穎', '', 'mail70337@test.com', '0935515664', '1994-12-02', '基隆市', '2024-12-31 14:24:46'),
(467, '劉雅婷', '', 'mail68544@test.com', '0953798916', '1999-11-02', '基隆市', '2024-12-31 14:24:46'),
(468, '朱家瑋', '', 'mail19204@test.com', '0973892242', '1993-03-05', '花蓮縣', '2024-12-31 14:24:46'),
(469, '周彥廷', '', 'mail67731@test.com', '0957130642', '1993-09-13', '花蓮縣', '2024-12-31 14:24:46'),
(470, '趙鈺婷', '', 'mail44239@test.com', '0989278700', '1989-02-19', '嘉義縣', '2024-12-31 14:24:46'),
(471, '董雅婷', '', 'mail90343@test.com', '0913213295', '1996-05-25', '臺東縣', '2024-12-31 14:24:46'),
(472, '吳宗翰', '', 'mail64626@test.com', '0997177768', '1998-06-27', '南投縣', '2024-12-31 14:24:46'),
(473, '吳宗翰', '', 'mail80515@test.com', '0985856118', '1988-10-26', '新竹縣', '2024-12-31 14:24:46'),
(474, '馬家豪', '', 'mail26494@test.com', '0980889857', '1995-04-06', '臺北市', '2024-12-31 14:24:46'),
(475, '唐雅婷', '', 'mail90725@test.com', '0968094063', '1995-11-06', '屏東縣', '2024-12-31 14:24:46'),
(476, '徐宗翰', '', 'mail25997@test.com', '0917140248', '1986-05-04', '臺中市', '2024-12-31 14:24:46'),
(477, '袁佳穎', '', 'mail33589@test.com', '0918041164', '1996-07-03', '新竹縣', '2024-12-31 14:24:46'),
(478, '馮怡君', '', 'mail24960@test.com', '0991457803', '1995-04-17', '宜蘭縣', '2024-12-31 14:24:46'),
(479, '郭詩涵', '', 'mail19359@test.com', '0977733145', '1996-07-27', '臺中市', '2024-12-31 14:24:46'),
(480, '謝佳穎', '', 'mail95868@test.com', '0988184068', '1988-02-14', '臺中市', '2024-12-31 14:24:46'),
(481, '呂家豪', '', 'mail73999@test.com', '0984720413', '1996-08-27', '宜蘭縣', '2024-12-31 14:24:46'),
(482, '鄭宇軒', '', 'mail20692@test.com', '0979397062', '1999-09-03', '臺南市', '2024-12-31 14:24:46'),
(483, '周詩涵', '', 'mail48358@test.com', '0957629370', '1989-06-21', '新竹市', '2024-12-31 14:24:46'),
(484, '陳怡萱', '', 'mail57303@test.com', '0995599767', '1989-11-14', '彰化縣', '2024-12-31 14:24:46'),
(485, '何佳穎', '', 'mail84359@test.com', '0932787789', '1994-04-04', '高雄市', '2024-12-31 14:24:46'),
(486, '徐怡君', '', 'mail79268@test.com', '0977109005', '1986-06-10', '雲林縣', '2024-12-31 14:24:46'),
(487, '蕭詩涵', '', 'mail47843@test.com', '0910475194', '1991-10-05', '苗栗縣', '2024-12-31 14:24:46'),
(488, '黃怡君', '', 'mail85419@test.com', '0985735911', '1997-11-26', '新竹市', '2024-12-31 14:24:46'),
(489, '呂家瑋', '', 'mail26241@test.com', '0964070564', '1992-03-24', '澎湖縣', '2024-12-31 14:24:46'),
(490, '楊冠宇', '', 'mail64603@test.com', '0938288503', '1993-09-01', '高雄市', '2024-12-31 14:24:46'),
(491, '梁柏翰', '', 'mail99908@test.com', '0979220117', '1986-11-30', '臺東縣', '2024-12-31 14:24:46'),
(492, '梁宗翰', '', 'mail62997@test.com', '0983320503', '1990-05-02', '嘉義縣', '2024-12-31 14:24:46'),
(493, '孫彥廷', '', 'mail75121@test.com', '0913677239', '1998-01-13', '宜蘭縣', '2024-12-31 14:24:46'),
(494, '程雅筑', '', 'mail23272@test.com', '0945681905', '1988-11-27', '雲林縣', '2024-12-31 14:24:46'),
(495, '呂鈺婷', '', 'mail50549@test.com', '0949682953', '1987-09-30', '宜蘭縣', '2024-12-31 14:24:46'),
(496, '趙柏翰', '', 'mail31515@test.com', '0975592375', '1994-07-08', '彰化縣', '2024-12-31 14:24:46'),
(497, '鄧家豪', '', 'mail39514@test.com', '0964070166', '1996-09-26', '花蓮縣', '2024-12-31 14:24:46'),
(498, '劉宇軒', '', 'mail65067@test.com', '0941903415', '1998-11-08', '嘉義縣', '2024-12-31 14:24:46'),
(499, '鄧宜庭', '', 'mail31818@test.com', '0995354318', '1998-12-07', '新竹縣', '2024-12-31 14:24:46'),
(500, '王宜庭', '', 'mail97210@test.com', '0996284792', '1986-07-23', '雲林縣', '2024-12-31 14:24:46'),
(501, '林承翰', '', 'mail19080@test.com', '0916705197', '1994-10-13', '新竹縣', '2024-12-31 14:24:46'),
(502, '謝冠廷', '', 'mail18152@test.com', '0942055705', '1996-02-29', '新竹市', '2024-12-31 14:24:46'),
(503, '唐家豪', '', 'mail17206@test.com', '0962286539', '1988-05-30', '宜蘭縣', '2024-12-31 14:24:46'),
(504, '周冠宇', '', 'mail22425@test.com', '0929063986', '1991-08-14', '嘉義縣', '2024-12-31 14:24:46'),
(505, '馬鈺婷', '', 'mail30007@test.com', '0940384055', '1990-12-02', '臺東縣', '2024-12-31 14:24:46'),
(506, '吳柏翰', '', 'mail90589@test.com', '0961775272', '1987-01-31', '宜蘭縣', '2024-12-31 14:24:46'),
(507, '吳詩涵', '', 'mail12506@test.com', '0922108593', '1998-12-14', '臺東縣', '2024-12-31 14:24:46'),
(508, '蕭怡君', '', 'mail71622@test.com', '0980726613', '1994-06-17', '苗栗縣', '2024-12-31 14:24:46'),
(509, '蕭雅筑', '', 'mail19354@test.com', '0985647104', '1986-03-14', '連江縣', '2024-12-31 14:24:46'),
(510, '曾家瑋', '', 'mail77293@test.com', '0936267970', '1994-02-24', '臺東縣', '2024-12-31 14:24:46'),
(511, '何冠霖', '', 'mail20069@test.com', '0936038255', '1998-07-31', '臺中市', '2024-12-31 14:24:46'),
(512, '鄭家豪', '', 'mail40278@test.com', '0928896683', '1995-09-21', '彰化縣', '2024-12-31 14:24:46'),
(513, '陳家瑋', '', 'mail81919@test.com', '0963917543', '1995-08-25', '新北市', '2024-12-31 14:24:46'),
(514, '李宗翰', '', 'mail28820@test.com', '0948568212', '1993-12-20', '苗栗縣', '2024-12-31 14:24:46'),
(515, '於宇軒', '', 'mail66604@test.com', '0910778871', '1991-12-23', '雲林縣', '2024-12-31 14:24:46'),
(516, '黃冠宇', '', 'mail61686@test.com', '0956199068', '1996-10-25', '澎湖縣', '2024-12-31 14:24:46'),
(517, '鄧宇軒', '', 'mail65863@test.com', '0939303849', '1996-11-16', '雲林縣', '2024-12-31 14:24:46'),
(518, '曾家瑋', '', 'mail97744@test.com', '0913148739', '1999-03-30', '彰化縣', '2024-12-31 14:24:46'),
(519, '呂家豪', '', 'mail11528@test.com', '0989418690', '1986-08-03', '臺北市', '2024-12-31 14:24:46'),
(520, '蕭怡婷', '', 'mail21007@test.com', '0925597617', '1992-03-08', '桃園市', '2024-12-31 14:24:46'),
(521, '羅承翰', '', 'mail70842@test.com', '0972780549', '1997-01-05', '嘉義市', '2024-12-31 14:24:46');
INSERT INTO `address_book` (`ab_id`, `name`, `avatar`, `email`, `mobile`, `birthday`, `address`, `created_at`) VALUES
(522, '朱柏翰', '', 'mail83692@test.com', '0923631229', '1986-06-28', '花蓮縣', '2024-12-31 14:24:46'),
(523, '於怡君', '', 'mail21216@test.com', '0952159337', '1987-03-06', '嘉義縣', '2024-12-31 14:24:46'),
(524, '劉詩涵', '', 'mail41635@test.com', '0915633768', '1987-03-16', '臺北市', '2024-12-31 14:24:46'),
(525, '馬怡婷', '', 'mail44499@test.com', '0928566331', '1998-04-08', '臺東縣', '2024-12-31 14:24:46'),
(526, '彭宗翰', '', 'mail19125@test.com', '0946025682', '1992-11-06', '苗栗縣', '2024-12-31 14:24:46'),
(527, '許家豪', '', 'mail49890@test.com', '0970620927', '1986-07-03', '臺中市', '2024-12-31 14:24:46'),
(528, '朱詩涵', '', 'mail96027@test.com', '0972469527', '1985-08-26', '花蓮縣', '2024-12-31 14:24:46'),
(529, '趙冠廷', '', 'mail90264@test.com', '0935999767', '1990-02-13', '新竹市', '2024-12-31 14:24:46'),
(530, '曾冠霖', '', 'mail74646@test.com', '0945419599', '1996-08-15', '臺東縣', '2024-12-31 14:24:46'),
(531, '馮宇軒', '', 'mail74601@test.com', '0937137165', '1988-06-09', '臺南市', '2024-12-31 14:24:46'),
(532, '何怡君', '', 'mail81739@test.com', '0952373231', '1996-07-27', '臺中市', '2024-12-31 14:24:46'),
(533, '劉冠霖', '', 'mail45032@test.com', '0954475177', '1995-06-06', '屏東縣', '2024-12-31 14:24:46'),
(534, '呂詩涵', '', 'mail65174@test.com', '0967452113', '1985-07-26', '基隆市', '2024-12-31 14:24:46'),
(535, '彭宜庭', '', 'mail13209@test.com', '0960268444', '1991-09-28', '屏東縣', '2024-12-31 14:24:46'),
(536, '李佳穎', '', 'mail32496@test.com', '0970464706', '1985-06-16', '澎湖縣', '2024-12-31 14:24:46'),
(537, '馮怡萱', '', 'mail95389@test.com', '0968151897', '1991-01-18', '臺東縣', '2024-12-31 14:24:46'),
(538, '陳郁婷', '', 'mail40599@test.com', '0941057744', '1985-04-13', '嘉義縣', '2024-12-31 14:24:46'),
(539, '朱怡君', '', 'mail65655@test.com', '0955328714', '1986-02-24', '彰化縣', '2024-12-31 14:24:46'),
(540, '王柏翰', '', 'mail17355@test.com', '0973996395', '1989-04-11', '新竹市', '2024-12-31 14:24:46'),
(541, '傅怡君', '', 'mail88289@test.com', '0941975217', '1989-12-01', '雲林縣', '2024-12-31 14:24:46'),
(542, '馬冠霖', '', 'mail56898@test.com', '0911948844', '1998-08-10', '嘉義市', '2024-12-31 14:24:46'),
(543, '彭彥廷', '', 'mail49462@test.com', '0952746754', '1985-11-12', '嘉義縣', '2024-12-31 14:24:46'),
(544, '鄧雅筑', '', 'mail74358@test.com', '0957652585', '1994-11-23', '雲林縣', '2024-12-31 14:24:46'),
(545, '蕭怡君', '', 'mail65864@test.com', '0991031725', '1998-08-17', '新竹縣', '2024-12-31 14:24:46'),
(546, '王家豪', '', 'mail60238@test.com', '0969233584', '1999-06-09', '新竹縣', '2024-12-31 14:24:46'),
(547, '彭鈺婷', '', 'mail55089@test.com', '0935281553', '1997-05-14', '高雄市', '2024-12-31 14:24:46'),
(548, '馮佳穎', '', 'mail48804@test.com', '0922173550', '1988-01-01', '金門縣', '2024-12-31 14:24:46'),
(549, '徐郁婷', '', 'mail22046@test.com', '0988801201', '1993-10-25', '臺南市', '2024-12-31 14:24:46'),
(550, '李郁婷', '', 'mail71003@test.com', '0947543702', '1990-04-02', '臺南市', '2024-12-31 14:24:46'),
(551, '傅彥廷', '', 'mail87931@test.com', '0921313551', '1988-12-03', '臺東縣', '2024-12-31 14:24:46'),
(552, '袁怡婷', '', 'mail27786@test.com', '0963273555', '1996-02-05', '臺北市', '2024-12-31 14:24:46'),
(553, '趙郁婷', '', 'mail20867@test.com', '0987495041', '1990-02-12', '彰化縣', '2024-12-31 14:24:46'),
(554, '曹佳穎', '', 'mail91588@test.com', '0999796422', '1985-09-05', '屏東縣', '2024-12-31 14:24:46'),
(555, '沈怡萱', '', 'mail89599@test.com', '0966376941', '1999-06-10', '臺東縣', '2024-12-31 14:24:46'),
(556, '周冠宇', '', 'mail49624@test.com', '0976357270', '1986-09-05', '新北市', '2024-12-31 14:24:46'),
(557, '朱怡萱', '', 'mail90938@test.com', '0913499590', '1988-05-09', '新竹縣', '2024-12-31 14:24:46'),
(558, '曾雅筑', '', 'mail69359@test.com', '0985788830', '1988-11-05', '新竹縣', '2024-12-31 14:24:46'),
(559, '蕭怡萱', '', 'mail24523@test.com', '0992793606', '1987-01-20', '桃園市', '2024-12-31 14:24:46'),
(560, '彭雅婷', '', 'mail37386@test.com', '0999850680', '1994-02-12', '臺北市', '2024-12-31 14:24:46'),
(561, '馮家瑋', '', 'mail65491@test.com', '0969450466', '1989-07-31', '桃園市', '2024-12-31 14:24:46'),
(562, '孫冠宇', '', 'mail41067@test.com', '0973413340', '1999-08-11', '連江縣', '2024-12-31 14:24:46'),
(563, '楊詩涵', '', 'mail80810@test.com', '0922278564', '1987-08-11', '高雄市', '2024-12-31 14:24:46'),
(564, '楊宇軒', '', 'mail35028@test.com', '0966527080', '1991-02-05', '桃園市', '2024-12-31 14:24:46'),
(565, '唐冠霖', '', 'mail61886@test.com', '0960535753', '1998-06-28', '花蓮縣', '2024-12-31 14:24:46'),
(566, '曹詩涵', '', 'mail43653@test.com', '0931904069', '1985-06-20', '宜蘭縣', '2024-12-31 14:24:46'),
(567, '曹雅婷', '', 'mail55432@test.com', '0980632686', '1992-09-11', '連江縣', '2024-12-31 14:24:46'),
(568, '鄭怡君', '', 'mail95773@test.com', '0991095044', '1994-08-25', '連江縣', '2024-12-31 14:24:46'),
(569, '林承翰', '', 'mail51263@test.com', '0967899539', '1999-08-31', '新竹縣', '2024-12-31 14:24:46'),
(570, '程宗翰', '', 'mail31261@test.com', '0920303989', '1987-07-22', '新竹市', '2024-12-31 14:24:46'),
(571, '程承翰', '', 'mail19303@test.com', '0930072005', '1989-08-07', '屏東縣', '2024-12-31 14:24:46'),
(572, '韓家瑋', '', 'mail95391@test.com', '0971281947', '1986-05-21', '雲林縣', '2024-12-31 14:24:46'),
(573, '馬雅筑', '', 'mail83669@test.com', '0969411446', '1996-09-13', '新竹縣', '2024-12-31 14:24:46'),
(574, '徐家豪', '', 'mail42084@test.com', '0964617999', '1990-10-07', '新北市', '2024-12-31 14:24:46'),
(575, '高家豪', '', 'mail16492@test.com', '0958114502', '1990-05-13', '基隆市', '2024-12-31 14:24:46'),
(576, '孫雅筑', '', 'mail68205@test.com', '0935795937', '1994-03-04', '桃園市', '2024-12-31 14:24:46'),
(577, '劉宗翰', '', 'mail10888@test.com', '0921050329', '1988-09-28', '新竹市', '2024-12-31 14:24:46'),
(578, '林詩涵', '', 'mail94192@test.com', '0929025488', '1994-07-10', '桃園市', '2024-12-31 14:24:46'),
(579, '陳家瑋', '', 'mail38896@test.com', '0991661618', '1999-05-12', '澎湖縣', '2024-12-31 14:24:46'),
(580, '鄭彥廷', '', 'mail60096@test.com', '0941551725', '1990-12-29', '嘉義縣', '2024-12-31 14:24:46'),
(581, '林詩涵', '', 'mail90021@test.com', '0930618903', '1991-10-07', '臺南市', '2024-12-31 14:24:46'),
(582, '許佳穎', '', 'mail66013@test.com', '0977235770', '1988-02-03', '新北市', '2024-12-31 14:24:46'),
(583, '謝詩涵', '', 'mail50008@test.com', '0940869824', '1999-08-17', '新竹縣', '2024-12-31 14:24:46'),
(584, '李怡婷', '', 'mail78334@test.com', '0923461492', '1987-05-28', '臺東縣', '2024-12-31 14:24:46'),
(585, '謝家瑋', '', 'mail74391@test.com', '0939135940', '1996-09-20', '桃園市', '2024-12-31 14:24:46'),
(586, '張柏翰', '', 'mail83057@test.com', '0932845423', '1992-02-13', '澎湖縣', '2024-12-31 14:24:46'),
(587, '唐怡婷', '', 'mail50576@test.com', '0994030772', '1995-10-21', '南投縣', '2024-12-31 14:24:46'),
(588, '馬宜庭', '', 'mail33800@test.com', '0997384082', '1992-04-23', '新竹市', '2024-12-31 14:24:46'),
(589, '董家瑋', '', 'mail37116@test.com', '0944428724', '1985-07-01', '雲林縣', '2024-12-31 14:24:46'),
(590, '趙宇軒', '', 'mail29293@test.com', '0961128759', '1988-05-17', '彰化縣', '2024-12-31 14:24:46'),
(591, '劉宜庭', '', 'mail98759@test.com', '0973042434', '1999-11-03', '屏東縣', '2024-12-31 14:24:46'),
(592, '孫冠廷', '', 'mail43826@test.com', '0916027512', '1989-12-25', '臺北市', '2024-12-31 14:24:46'),
(593, '王彥廷', '', 'mail57654@test.com', '0941550089', '1990-05-26', '臺中市', '2024-12-31 14:24:46'),
(594, '謝郁婷', '', 'mail39596@test.com', '0922559605', '1988-09-08', '苗栗縣', '2024-12-31 14:24:46'),
(595, '傅怡婷', '', 'mail83226@test.com', '0995433831', '1997-07-14', '嘉義市', '2024-12-31 14:24:46'),
(596, '陳雅婷', '', 'mail69207@test.com', '0926274918', '1993-05-12', '新北市', '2024-12-31 14:24:46'),
(597, '呂彥廷', '', 'mail83083@test.com', '0915151408', '1987-09-07', '桃園市', '2024-12-31 14:24:46'),
(598, '陳怡君', '', 'mail68739@test.com', '0914537532', '1988-11-20', '宜蘭縣', '2024-12-31 14:24:46'),
(599, '沈承翰', '', 'mail65897@test.com', '0951253600', '1986-11-01', '臺東縣', '2024-12-31 14:24:46'),
(600, '李冠霖', '', 'mail90784@test.com', '0913013125', '1998-06-16', '高雄市', '2024-12-31 14:24:46'),
(601, '於家瑋', '', 'mail64392@test.com', '0952746860', '1992-11-29', '新竹市', '2024-12-31 14:24:46'),
(602, '林宇軒', '', 'mail71466@test.com', '0991599685', '1986-05-24', '金門縣', '2024-12-31 14:24:46'),
(603, '韓冠廷', '', 'mail25451@test.com', '0982216867', '1993-12-19', '新竹縣', '2024-12-31 14:24:46'),
(604, '許宇軒', '', 'mail79946@test.com', '0970270373', '1992-05-31', '彰化縣', '2024-12-31 14:24:46'),
(605, '曾郁婷', '', 'mail94202@test.com', '0919987566', '1986-04-07', '宜蘭縣', '2024-12-31 14:24:46'),
(606, '馬宜庭', '', 'mail38387@test.com', '0997944576', '1998-04-10', '花蓮縣', '2024-12-31 14:24:46'),
(607, '曾家豪', '', 'mail35576@test.com', '0954374087', '1985-09-20', '嘉義縣', '2024-12-31 14:24:46'),
(608, '郭冠霖', '', 'mail29264@test.com', '0942791003', '1989-07-04', '臺北市', '2024-12-31 14:24:46'),
(609, '陳冠宇', '', 'mail33590@test.com', '0982405448', '1994-05-28', '嘉義縣', '2024-12-31 14:24:46'),
(610, '高柏翰', '', 'mail53885@test.com', '0933516364', '1999-10-01', '彰化縣', '2024-12-31 14:24:46'),
(611, '高佳穎', '', 'mail95702@test.com', '0917508990', '1999-12-02', '金門縣', '2024-12-31 14:24:46'),
(612, '於宗翰', '', 'mail68978@test.com', '0966787746', '1994-02-16', '屏東縣', '2024-12-31 14:24:46'),
(613, '周宗翰', '', 'mail34374@test.com', '0947627847', '1992-08-03', '基隆市', '2024-12-31 14:24:46'),
(614, '黃怡君', '', 'mail71536@test.com', '0974581741', '1985-12-18', '臺東縣', '2024-12-31 14:24:46'),
(615, '傅承翰', '', 'mail54084@test.com', '0994715519', '1988-04-26', '嘉義市', '2024-12-31 14:24:46'),
(616, '曾宗翰', '', 'mail20867@test.com', '0969316220', '1995-03-14', '連江縣', '2024-12-31 14:24:46'),
(617, '胡郁婷', '', 'mail75257@test.com', '0987682972', '1985-11-01', '高雄市', '2024-12-31 14:24:46'),
(618, '曾冠霖', '', 'mail65086@test.com', '0936895968', '1998-02-10', '連江縣', '2024-12-31 14:24:46'),
(619, '曾佳穎', '', 'mail92344@test.com', '0990573381', '1995-12-25', '臺北市', '2024-12-31 14:24:46'),
(620, '謝怡婷', '', 'mail14125@test.com', '0960489323', '1991-02-18', '桃園市', '2024-12-31 14:24:46'),
(621, '林怡君', '', 'mail32979@test.com', '0959229601', '1990-10-19', '臺東縣', '2024-12-31 14:24:46'),
(622, '董詩涵', '', 'mail11723@test.com', '0939799032', '1996-10-23', '新北市', '2024-12-31 14:24:46'),
(623, '黃佳穎', '', 'mail66567@test.com', '0966028767', '1995-01-02', '南投縣', '2024-12-31 14:24:46'),
(624, '蕭郁婷', '', 'mail79846@test.com', '0950848709', '1988-09-21', '嘉義縣', '2024-12-31 14:24:46'),
(625, '馮怡君', '', 'mail82331@test.com', '0914501327', '1990-02-05', '彰化縣', '2024-12-31 14:24:46'),
(626, '馬雅筑', '', 'mail66982@test.com', '0980084156', '1995-09-04', '彰化縣', '2024-12-31 14:24:46'),
(627, '李郁婷', '', 'mail24349@test.com', '0949595136', '1996-12-15', '臺北市', '2024-12-31 14:24:46'),
(628, '曾怡君', '', 'mail40615@test.com', '0956433932', '1991-08-21', '金門縣', '2024-12-31 14:24:46'),
(629, '李冠霖', '', 'mail91584@test.com', '0969679941', '1993-06-24', '南投縣', '2024-12-31 14:24:46'),
(630, '唐家豪', '', 'mail89212@test.com', '0923776741', '1990-03-18', '新竹縣', '2024-12-31 14:24:46'),
(631, '馬宗翰', '', 'mail94919@test.com', '0961780678', '1988-01-23', '南投縣', '2024-12-31 14:24:46'),
(632, '吳鈺婷', '', 'mail98170@test.com', '0942793899', '1992-08-02', '臺南市', '2024-12-31 14:24:46'),
(633, '羅雅婷', '', 'mail31689@test.com', '0999593574', '1990-06-04', '金門縣', '2024-12-31 14:24:46'),
(634, '何冠霖', '', 'mail61545@test.com', '0926770511', '1995-09-22', '彰化縣', '2024-12-31 14:24:46'),
(635, '張鈺婷', '', 'mail52336@test.com', '0976806521', '1988-02-20', '基隆市', '2024-12-31 14:24:46'),
(636, '張郁婷', '', 'mail36956@test.com', '0919806485', '1992-01-18', '嘉義縣', '2024-12-31 14:24:46'),
(637, '馮雅婷', '', 'mail65995@test.com', '0953813832', '1987-09-01', '嘉義市', '2024-12-31 14:24:46'),
(638, '宋冠廷', '', 'mail49116@test.com', '0969707697', '1988-03-24', '新北市', '2024-12-31 14:24:46'),
(639, '楊冠廷', '', 'mail54907@test.com', '0961253732', '1997-08-09', '臺北市', '2024-12-31 14:24:46'),
(640, '鄭柏翰', '', 'mail41375@test.com', '0949748066', '1996-09-29', '雲林縣', '2024-12-31 14:24:46'),
(641, '沈彥廷', '', 'mail49920@test.com', '0951417029', '1990-03-17', '臺中市', '2024-12-31 14:24:46'),
(642, '馬雅筑', '', 'mail92925@test.com', '0997241881', '1986-08-27', '澎湖縣', '2024-12-31 14:24:46'),
(643, '蕭郁婷', '', 'mail41552@test.com', '0926733132', '1993-08-10', '臺中市', '2024-12-31 14:24:46'),
(644, '沈怡君', '', 'mail65545@test.com', '0944258775', '1998-05-07', '新竹縣', '2024-12-31 14:24:46'),
(645, '鄧家瑋', '', 'mail24084@test.com', '0996480535', '1995-09-13', '臺南市', '2024-12-31 14:24:46'),
(646, '朱鈺婷', '', 'mail39868@test.com', '0930804440', '1987-12-17', '屏東縣', '2024-12-31 14:24:46'),
(647, '高雅婷', '', 'mail96402@test.com', '0991172683', '1990-04-14', '新竹縣', '2024-12-31 14:24:46'),
(648, '黃郁婷', '', 'mail83252@test.com', '0994453829', '1991-01-31', '臺中市', '2024-12-31 14:24:46'),
(649, '於詩涵', '', 'mail45619@test.com', '0999306469', '1995-10-22', '嘉義縣', '2024-12-31 14:24:46'),
(650, '董宇軒', '', 'mail33954@test.com', '0963145198', '1985-11-11', '彰化縣', '2024-12-31 14:24:46'),
(651, '馮家瑋', '', 'mail65450@test.com', '0977375480', '1996-07-28', '新北市', '2024-12-31 14:24:46'),
(652, '朱冠廷', '', 'mail79460@test.com', '0997971431', '1985-12-26', '臺南市', '2024-12-31 14:24:46'),
(653, '馮郁婷', '', 'mail16939@test.com', '0998304551', '1991-08-29', '花蓮縣', '2024-12-31 14:24:46'),
(654, '王冠廷', '', 'mail98578@test.com', '0966670152', '1995-05-03', '苗栗縣', '2024-12-31 14:24:46'),
(655, '於彥廷', '', 'mail39899@test.com', '0966164026', '1992-11-06', '宜蘭縣', '2024-12-31 14:24:46'),
(656, '徐雅婷', '', 'mail26356@test.com', '0958899922', '1993-06-06', '苗栗縣', '2024-12-31 14:24:46'),
(657, '劉詩涵', '', 'mail84984@test.com', '0979137144', '1992-12-19', '臺北市', '2024-12-31 14:24:46'),
(658, '程雅筑', '', 'mail23837@test.com', '0984251671', '1993-03-28', '新北市', '2024-12-31 14:24:46'),
(659, '袁宗翰', '', 'mail26594@test.com', '0912482059', '1985-02-16', '南投縣', '2024-12-31 14:24:46'),
(660, '李冠宇', '', 'mail24825@test.com', '0965004251', '1995-10-09', '高雄市', '2024-12-31 14:24:46'),
(661, '趙冠霖', '', 'mail45178@test.com', '0973688131', '1992-11-29', '金門縣', '2024-12-31 14:24:46'),
(662, '許家豪', '', 'mail55634@test.com', '0940279591', '1998-11-26', '新竹市', '2024-12-31 14:24:46'),
(663, '謝宜庭', '', 'mail82023@test.com', '0916190588', '1987-05-08', '臺東縣', '2024-12-31 14:24:46'),
(664, '許冠宇', '', 'mail58453@test.com', '0980778619', '1988-06-03', '彰化縣', '2024-12-31 14:24:46'),
(665, '吳宜庭', '', 'mail45676@test.com', '0954432379', '1992-02-03', '臺南市', '2024-12-31 14:24:46'),
(666, '曾承翰', '', 'mail61015@test.com', '0914723572', '1994-12-21', '基隆市', '2024-12-31 14:24:46'),
(667, '張宇軒', '', 'mail74523@test.com', '0998611322', '1988-04-11', '桃園市', '2024-12-31 14:24:46'),
(668, '朱怡萱', '', 'mail73052@test.com', '0925608451', '1991-06-24', '新北市', '2024-12-31 14:24:46'),
(669, '曹鈺婷', '', 'mail62440@test.com', '0927808280', '1994-07-13', '臺東縣', '2024-12-31 14:24:46'),
(670, '孫郁婷', '', 'mail37574@test.com', '0926737470', '1997-11-25', '臺北市', '2024-12-31 14:24:46'),
(671, '唐承翰', '', 'mail14682@test.com', '0917107597', '1999-07-31', '南投縣', '2024-12-31 14:24:46'),
(672, '胡宇軒', '', 'mail27462@test.com', '0961103135', '1987-08-24', '新北市', '2024-12-31 14:24:46'),
(673, '何宗翰', '', 'mail70121@test.com', '0940467487', '1990-08-15', '雲林縣', '2024-12-31 14:24:46'),
(674, '沈家豪', '', 'mail46761@test.com', '0925392779', '1998-10-19', '臺東縣', '2024-12-31 14:24:46'),
(675, '蕭雅筑', '', 'mail70716@test.com', '0958814574', '1985-03-02', '苗栗縣', '2024-12-31 14:24:46'),
(676, '胡怡婷', '', 'mail80924@test.com', '0991981987', '1986-04-18', '彰化縣', '2024-12-31 14:24:46'),
(677, '程冠霖', '', 'mail13607@test.com', '0936130607', '1999-08-12', '金門縣', '2024-12-31 14:24:46'),
(678, '郭宇軒', '', 'mail36698@test.com', '0922013358', '1997-10-09', '高雄市', '2024-12-31 14:24:46'),
(679, '李宇軒', '', 'mail35915@test.com', '0918040734', '1999-03-03', '基隆市', '2024-12-31 14:24:46'),
(680, '蕭彥廷', '', 'mail46836@test.com', '0953674569', '1996-02-13', '彰化縣', '2024-12-31 14:24:46'),
(681, '何詩涵', '', 'mail48327@test.com', '0919579927', '1995-03-23', '宜蘭縣', '2024-12-31 14:24:46'),
(682, '韓承翰', '', 'mail68457@test.com', '0929548078', '1993-01-29', '基隆市', '2024-12-31 14:24:46'),
(683, '孫冠廷', '', 'mail29204@test.com', '0932659495', '1998-04-28', '雲林縣', '2024-12-31 14:24:46'),
(684, '蕭柏翰', '', 'mail35245@test.com', '0938646403', '1985-10-01', '金門縣', '2024-12-31 14:24:46'),
(685, '胡怡萱', '', 'mail66984@test.com', '0949653747', '1994-03-08', '基隆市', '2024-12-31 14:24:46'),
(686, '郭郁婷', '', 'mail28547@test.com', '0933553999', '1988-07-27', '嘉義縣', '2024-12-31 14:24:46'),
(687, '羅宗翰', '', 'mail74973@test.com', '0989191712', '1998-10-11', '新竹縣', '2024-12-31 14:24:46'),
(688, '陳彥廷', '', 'mail39242@test.com', '0964818330', '1988-03-04', '桃園市', '2024-12-31 14:24:46'),
(689, '林鈺婷', '', 'mail60744@test.com', '0921428517', '1995-04-24', '基隆市', '2024-12-31 14:24:46'),
(690, '鄧雅婷', '', 'mail83363@test.com', '0991963164', '1990-07-08', '新北市', '2024-12-31 14:24:46'),
(691, '陳彥廷', '', 'mail45512@test.com', '0990361279', '1993-12-31', '新竹縣', '2024-12-31 14:24:46'),
(692, '韓宇軒', '', 'mail67480@test.com', '0942192209', '1998-09-23', '澎湖縣', '2024-12-31 14:24:46'),
(693, '張彥廷', '', 'mail70792@test.com', '0935534611', '1995-12-21', '臺東縣', '2024-12-31 14:24:46'),
(694, '梁冠霖', '', 'mail51505@test.com', '0975040358', '1993-02-05', '新竹市', '2024-12-31 14:24:46'),
(695, '林怡萱', '', 'mail28629@test.com', '0918575956', '1990-09-14', '嘉義縣', '2024-12-31 14:24:46'),
(696, '何家瑋', '', 'mail13142@test.com', '0933729502', '1994-08-13', '臺中市', '2024-12-31 14:24:46'),
(697, '楊宗翰', '', 'mail96169@test.com', '0912234754', '1993-09-12', '新竹市', '2024-12-31 14:24:46'),
(698, '謝家豪', '', 'mail21906@test.com', '0993506492', '1995-05-27', '新竹市', '2024-12-31 14:24:46'),
(699, '呂佳穎', '', 'mail69690@test.com', '0912254856', '1993-12-16', '金門縣', '2024-12-31 14:24:46'),
(700, '羅家瑋', '', 'mail32563@test.com', '0911719825', '1985-07-23', '新北市', '2024-12-31 14:24:46'),
(701, '張柏翰', '', 'mail26142@test.com', '0919242563', '1998-06-28', '宜蘭縣', '2024-12-31 14:24:46'),
(702, '沈怡婷', '', 'mail73935@test.com', '0946270256', '1998-03-01', '新竹市', '2024-12-31 14:24:46'),
(703, '袁宜庭', '', 'mail92292@test.com', '0936233799', '1992-02-22', '屏東縣', '2024-12-31 14:24:47'),
(704, '唐冠霖', '', 'mail96219@test.com', '0994341531', '1994-02-05', '苗栗縣', '2024-12-31 14:24:47'),
(705, '張家瑋', '', 'mail55211@test.com', '0927526022', '1999-03-16', '嘉義市', '2024-12-31 14:24:47'),
(706, '趙宇軒', '', 'mail22340@test.com', '0959068521', '1987-12-05', '高雄市', '2024-12-31 14:24:47'),
(707, '韓怡君', '', 'mail29184@test.com', '0963004811', '1993-01-06', '金門縣', '2024-12-31 14:24:47'),
(708, '吳鈺婷', '', 'mail73015@test.com', '0996658232', '1995-08-15', '臺北市', '2024-12-31 14:24:47'),
(709, '陳怡婷', '', 'mail59995@test.com', '0918719449', '1996-07-19', '嘉義縣', '2024-12-31 14:24:47'),
(710, '董怡婷', '', 'mail68290@test.com', '0998142416', '1999-05-21', '金門縣', '2024-12-31 14:24:47'),
(711, '朱佳穎', '', 'mail13582@test.com', '0979220870', '1999-08-07', '花蓮縣', '2024-12-31 14:24:47'),
(712, '曹怡君', '', 'mail43490@test.com', '0955034366', '1990-11-17', '新北市', '2024-12-31 14:24:47'),
(713, '林家瑋', '', 'mail73541@test.com', '0911566684', '1985-12-26', '新竹縣', '2024-12-31 14:24:47'),
(714, '董宜庭', '', 'mail33722@test.com', '0970352010', '1987-01-04', '臺北市', '2024-12-31 14:24:47'),
(715, '宋郁婷', '', 'mail48798@test.com', '0973916798', '1989-12-09', '宜蘭縣', '2024-12-31 14:24:47'),
(716, '李彥廷', '', 'mail96624@test.com', '0956144455', '1996-01-21', '高雄市', '2024-12-31 14:24:47'),
(717, '馬詩涵', '', 'mail17226@test.com', '0996889426', '1988-04-11', '南投縣', '2024-12-31 14:24:47'),
(718, '羅冠宇', '', 'mail74004@test.com', '0985891576', '1985-05-07', '桃園市', '2024-12-31 14:24:47'),
(719, '宋詩涵', '', 'mail36692@test.com', '0981898035', '1996-03-08', '苗栗縣', '2024-12-31 14:24:47'),
(720, '徐家豪', '', 'mail33779@test.com', '0922640371', '1988-08-31', '臺東縣', '2024-12-31 14:24:47'),
(721, '吳雅婷', '', 'mail38328@test.com', '0952073003', '1999-11-10', '臺東縣', '2024-12-31 14:24:47'),
(722, '傅怡君', '', 'mail53213@test.com', '0916045962', '1999-02-19', '高雄市', '2024-12-31 14:24:47'),
(723, '黃家瑋', '', 'mail73026@test.com', '0960748053', '1998-02-22', '屏東縣', '2024-12-31 14:24:47'),
(724, '楊雅筑', '', 'mail41265@test.com', '0963327989', '1998-12-28', '臺北市', '2024-12-31 14:24:47'),
(725, '蕭宜庭', '', 'mail29854@test.com', '0929345946', '1986-08-17', '新竹市', '2024-12-31 14:24:47'),
(726, '彭怡婷', '', 'mail34221@test.com', '0932709764', '1992-12-04', '南投縣', '2024-12-31 14:24:47'),
(727, '程怡君', '', 'mail52795@test.com', '0969778500', '1994-12-31', '嘉義縣', '2024-12-31 14:24:47'),
(728, '馮柏翰', '', 'mail92169@test.com', '0928383866', '1986-09-07', '高雄市', '2024-12-31 14:24:47'),
(729, '朱冠宇', '', 'mail33519@test.com', '0940748427', '1991-03-28', '花蓮縣', '2024-12-31 14:24:47'),
(730, '程彥廷', '', 'mail86396@test.com', '0943754209', '1989-12-21', '高雄市', '2024-12-31 14:24:47'),
(731, '羅冠宇', '', 'mail60340@test.com', '0973472517', '1987-06-02', '臺中市', '2024-12-31 14:24:47'),
(732, '傅承翰', '', 'mail68581@test.com', '0924080357', '1988-07-26', '雲林縣', '2024-12-31 14:24:47'),
(733, '李彥廷', '', 'mail13469@test.com', '0944210141', '1997-11-08', '新竹市', '2024-12-31 14:24:47'),
(734, '韓怡君', '', 'mail90296@test.com', '0983988644', '1994-10-10', '臺南市', '2024-12-31 14:24:47'),
(735, '於怡君', '', 'mail40075@test.com', '0964439395', '1985-02-06', '連江縣', '2024-12-31 14:24:47'),
(736, '宋怡婷', '', 'mail83294@test.com', '0928505054', '1989-01-12', '臺南市', '2024-12-31 14:24:47'),
(737, '袁冠宇', '', 'mail78490@test.com', '0953123279', '1997-03-19', '金門縣', '2024-12-31 14:24:47'),
(738, '袁宇軒', '', 'mail40140@test.com', '0930514898', '1993-11-08', '屏東縣', '2024-12-31 14:24:47'),
(739, '黃鈺婷', '', 'mail69219@test.com', '0984801162', '1998-04-30', '花蓮縣', '2024-12-31 14:24:47'),
(740, '程怡君', '', 'mail78428@test.com', '0925954077', '1992-12-06', '屏東縣', '2024-12-31 14:24:47'),
(741, '朱彥廷', '', 'mail29204@test.com', '0938532632', '1996-06-09', '臺東縣', '2024-12-31 14:24:47'),
(742, '孫雅筑', '', 'mail70072@test.com', '0943407465', '1989-12-24', '嘉義縣', '2024-12-31 14:24:47'),
(743, '鄧冠宇', '', 'mail39606@test.com', '0925906852', '1985-04-17', '高雄市', '2024-12-31 14:24:47'),
(744, '何家豪', '', 'mail66387@test.com', '0927784499', '1993-03-30', '彰化縣', '2024-12-31 14:24:47'),
(745, '何彥廷', '', 'mail22907@test.com', '0939459741', '1997-08-11', '連江縣', '2024-12-31 14:24:47'),
(746, '羅家豪', '', 'mail76601@test.com', '0934751788', '1996-08-13', '花蓮縣', '2024-12-31 14:24:47'),
(747, '徐郁婷', '', 'mail65796@test.com', '0963312124', '1992-09-22', '金門縣', '2024-12-31 14:24:47'),
(748, '李家瑋', '', 'mail10847@test.com', '0979564308', '1989-04-02', '屏東縣', '2024-12-31 14:24:47'),
(749, '唐怡君', '', 'mail20460@test.com', '0922778382', '1990-09-15', '連江縣', '2024-12-31 14:24:47'),
(750, '吳宇軒', '', 'mail26518@test.com', '0919212756', '1992-12-21', '宜蘭縣', '2024-12-31 14:24:47'),
(751, '程冠廷', '', 'mail22519@test.com', '0941658245', '1993-12-17', '雲林縣', '2024-12-31 14:24:47'),
(752, '羅怡萱', '', 'mail49876@test.com', '0978554768', '1993-05-17', '臺南市', '2024-12-31 14:24:47'),
(753, '傅柏翰', '', 'mail17208@test.com', '0924921307', '1999-08-23', '屏東縣', '2024-12-31 14:24:47'),
(754, '徐冠廷', '', 'mail53352@test.com', '0913735286', '1986-02-22', '臺南市', '2024-12-31 14:24:47'),
(755, '於郁婷', '', 'mail30568@test.com', '0961798898', '1992-09-13', '苗栗縣', '2024-12-31 14:24:47'),
(756, '吳鈺婷', '', 'mail98522@test.com', '0932494158', '1987-08-22', '彰化縣', '2024-12-31 14:24:47'),
(757, '韓彥廷', '', 'mail54748@test.com', '0996599890', '1987-06-12', '臺東縣', '2024-12-31 14:24:47'),
(758, '沈柏翰', '', 'mail56897@test.com', '0932243764', '1998-11-04', '雲林縣', '2024-12-31 14:24:47'),
(759, '曹承翰', '', 'mail52359@test.com', '0959678051', '1987-09-28', '臺中市', '2024-12-31 14:24:47'),
(760, '何詩涵', '', 'mail26046@test.com', '0928793369', '1998-12-09', '臺東縣', '2024-12-31 14:24:47'),
(761, '朱怡萱', '', 'mail35308@test.com', '0951099886', '1988-03-03', '南投縣', '2024-12-31 14:24:47'),
(762, '彭宜庭', '', 'mail54055@test.com', '0950694747', '1987-06-28', '桃園市', '2024-12-31 14:24:47'),
(763, '沈雅筑', '', 'mail34227@test.com', '0963754830', '1985-01-27', '屏東縣', '2024-12-31 14:24:47'),
(764, '蕭怡婷', '', 'mail42739@test.com', '0968962152', '1997-05-16', '宜蘭縣', '2024-12-31 14:24:47'),
(765, '傅柏翰', '', 'mail64387@test.com', '0942277748', '1987-04-07', '臺北市', '2024-12-31 14:24:47'),
(766, '林怡君', '', 'mail73916@test.com', '0970650427', '1997-03-23', '高雄市', '2024-12-31 14:24:47'),
(767, '沈怡君', '', 'mail42987@test.com', '0968391107', '1999-07-09', '桃園市', '2024-12-31 14:24:47'),
(768, '周雅婷', '', 'mail47328@test.com', '0936667936', '1994-01-01', '嘉義縣', '2024-12-31 14:24:47'),
(769, '羅宜庭', '', 'mail43854@test.com', '0925978489', '1994-05-19', '雲林縣', '2024-12-31 14:24:47'),
(770, '韓雅筑', '', 'mail19415@test.com', '0996443403', '1996-02-01', '苗栗縣', '2024-12-31 14:24:47'),
(771, '王柏翰', '', 'mail11406@test.com', '0977610223', '1999-11-04', '屏東縣', '2024-12-31 14:24:47'),
(772, '程承翰', '', 'mail28928@test.com', '0928886304', '1988-05-05', '連江縣', '2024-12-31 14:24:47'),
(773, '唐詩涵', '', 'mail40167@test.com', '0967995747', '1985-10-16', '苗栗縣', '2024-12-31 14:24:47'),
(774, '周怡婷', '', 'mail30497@test.com', '0958185579', '1994-01-03', '桃園市', '2024-12-31 14:24:47'),
(775, '吳冠廷', '', 'mail21134@test.com', '0929696994', '1988-02-22', '嘉義市', '2024-12-31 14:24:47'),
(776, '吳怡萱', '', 'mail69044@test.com', '0919451071', '1986-06-13', '宜蘭縣', '2024-12-31 14:24:47'),
(777, '郭家瑋', '', 'mail11602@test.com', '0918975371', '1985-01-20', '宜蘭縣', '2024-12-31 14:24:47'),
(778, '劉雅筑', '', 'mail77829@test.com', '0959218775', '1992-10-26', '花蓮縣', '2024-12-31 14:24:47'),
(779, '程彥廷', '', 'mail89813@test.com', '0945408370', '1987-09-06', '南投縣', '2024-12-31 14:24:47'),
(780, '高冠廷', '', 'mail47960@test.com', '0982256337', '1992-05-06', '連江縣', '2024-12-31 14:24:47'),
(781, '郭怡萱', '', 'mail80056@test.com', '0996427558', '1990-05-07', '花蓮縣', '2024-12-31 14:24:47'),
(782, '韓承翰', '', 'mail75307@test.com', '0930399239', '1995-12-16', '金門縣', '2024-12-31 14:24:47'),
(783, '許郁婷', '', 'mail73378@test.com', '0918410756', '1994-07-22', '花蓮縣', '2024-12-31 14:24:47'),
(784, '梁冠宇', '', 'mail28595@test.com', '0951381491', '1997-02-07', '桃園市', '2024-12-31 14:24:47'),
(785, '程怡君', '', 'mail91886@test.com', '0972552002', '1998-04-21', '新竹市', '2024-12-31 14:24:47'),
(786, '鄭怡婷', '', 'mail86456@test.com', '0943554209', '1993-02-20', '新竹縣', '2024-12-31 14:24:47'),
(787, '趙怡君', '', 'mail52013@test.com', '0956753624', '1996-03-28', '桃園市', '2024-12-31 14:24:47'),
(788, '周冠宇', '', 'mail57107@test.com', '0952621881', '1996-05-12', '基隆市', '2024-12-31 14:24:47'),
(789, '王怡婷', '', 'mail44822@test.com', '0961343209', '1991-03-06', '桃園市', '2024-12-31 14:24:47'),
(790, '蕭宗翰', '', 'mail57645@test.com', '0953818883', '1994-06-11', '新竹市', '2024-12-31 14:24:47'),
(791, '王彥廷', '', 'mail85202@test.com', '0991715699', '1994-01-09', '嘉義縣', '2024-12-31 14:24:47'),
(792, '蕭宇軒', '', 'mail83474@test.com', '0983369925', '1986-06-27', '澎湖縣', '2024-12-31 14:24:47'),
(793, '陳郁婷', '', 'mail30072@test.com', '0996862057', '1994-05-28', '澎湖縣', '2024-12-31 14:24:47'),
(794, '韓怡君', '', 'mail91929@test.com', '0920673596', '1995-07-31', '雲林縣', '2024-12-31 14:24:47'),
(795, '孫冠宇', '', 'mail69616@test.com', '0927588658', '1988-03-13', '新北市', '2024-12-31 14:24:47'),
(796, '鄧彥廷', '', 'mail41394@test.com', '0946961359', '1995-08-26', '南投縣', '2024-12-31 14:24:47'),
(797, '梁佳穎', '', 'mail19093@test.com', '0944619304', '1987-02-20', '臺南市', '2024-12-31 14:24:47'),
(798, '徐宇軒', '', 'mail63540@test.com', '0911897757', '1998-02-20', '臺東縣', '2024-12-31 14:24:47'),
(799, '蕭承翰', '', 'mail65676@test.com', '0942460020', '1986-01-06', '金門縣', '2024-12-31 14:24:47'),
(800, '鄧鈺婷', '', 'mail63743@test.com', '0964008378', '1992-02-23', '基隆市', '2024-12-31 14:24:47'),
(801, '彭怡君', '', 'mail55985@test.com', '0963678175', '1990-06-04', '澎湖縣', '2024-12-31 14:24:47'),
(802, '李宜庭', '', 'mail22141@test.com', '0958728996', '1998-03-24', '屏東縣', '2024-12-31 14:24:47'),
(803, '唐雅筑', '', 'mail94105@test.com', '0913203848', '1989-12-01', '金門縣', '2024-12-31 14:24:47'),
(804, '鄭家瑋', '', 'mail96205@test.com', '0994689573', '1999-12-21', '苗栗縣', '2024-12-31 14:24:47'),
(805, '宋郁婷', '', 'mail51906@test.com', '0919778631', '1985-09-13', '臺東縣', '2024-12-31 14:24:47'),
(806, '宋冠霖', '', 'mail68632@test.com', '0984922002', '1985-09-21', '金門縣', '2024-12-31 14:24:47'),
(807, '傅家瑋', '', 'mail13508@test.com', '0989609891', '1999-08-01', '臺中市', '2024-12-31 14:24:47'),
(808, '楊雅婷', '', 'mail44506@test.com', '0987362985', '1992-06-09', '苗栗縣', '2024-12-31 14:24:47'),
(809, '趙雅筑', '', 'mail18222@test.com', '0987305981', '1990-01-19', '基隆市', '2024-12-31 14:24:47'),
(810, '沈宜庭', '', 'mail37483@test.com', '0957963526', '1990-05-15', '嘉義縣', '2024-12-31 14:24:47'),
(811, '於冠廷', '', 'mail83961@test.com', '0928084587', '1996-02-27', '彰化縣', '2024-12-31 14:24:47'),
(812, '陳怡萱', '', 'mail74355@test.com', '0977279213', '1993-12-01', '雲林縣', '2024-12-31 14:24:47'),
(813, '楊家豪', '', 'mail15064@test.com', '0951647028', '1999-03-08', '臺東縣', '2024-12-31 14:24:47'),
(814, '趙家豪', '', 'mail29760@test.com', '0917301699', '1989-04-24', '雲林縣', '2024-12-31 14:24:47'),
(815, '宋怡萱', '', 'mail71081@test.com', '0994153892', '1992-09-01', '屏東縣', '2024-12-31 14:24:47'),
(816, '朱鈺婷', '', 'mail54354@test.com', '0960157404', '1987-04-29', '臺南市', '2024-12-31 14:24:47'),
(817, '郭家瑋', '', 'mail58378@test.com', '0984079725', '1988-11-10', '臺中市', '2024-12-31 14:24:47'),
(818, '高佳穎', '', 'mail88549@test.com', '0998674219', '1989-12-23', '臺北市', '2024-12-31 14:24:47'),
(819, '鄭怡萱', '', 'mail51443@test.com', '0946166273', '1988-04-10', '基隆市', '2024-12-31 14:24:47'),
(820, '羅承翰', '', 'mail54302@test.com', '0960129748', '1994-05-27', '臺東縣', '2024-12-31 14:24:47'),
(821, '唐佳穎', '', 'mail14216@test.com', '0917324868', '1998-06-25', '臺東縣', '2024-12-31 14:24:47'),
(822, '高郁婷', '', 'mail75071@test.com', '0933094419', '1987-10-17', '臺南市', '2024-12-31 14:24:47'),
(823, '林怡君', '', 'mail20584@test.com', '0987423510', '1996-10-12', '宜蘭縣', '2024-12-31 14:24:47'),
(824, '梁柏翰', '', 'mail30906@test.com', '0912485868', '1990-11-04', '嘉義市', '2024-12-31 14:24:47'),
(825, '高宗翰', '', 'mail70574@test.com', '0918997878', '1990-05-09', '彰化縣', '2024-12-31 14:24:47'),
(826, '吳鈺婷', '', 'mail23780@test.com', '0927462864', '1999-07-06', '花蓮縣', '2024-12-31 14:24:47'),
(827, '蕭宗翰', '', 'mail32233@test.com', '0971438114', '1991-05-03', '桃園市', '2024-12-31 14:24:47'),
(828, '梁詩涵', '', 'mail90964@test.com', '0923620692', '1998-05-13', '臺中市', '2024-12-31 14:24:47'),
(829, '董詩涵', '', 'mail46709@test.com', '0960411740', '1986-05-21', '金門縣', '2024-12-31 14:24:47'),
(830, '曾彥廷', '', 'mail59390@test.com', '0925078209', '1998-02-11', '高雄市', '2024-12-31 14:24:47'),
(831, '袁郁婷', '', 'mail47257@test.com', '0938050813', '1986-10-15', '臺南市', '2024-12-31 14:24:47'),
(832, '曹冠廷', '', 'mail29289@test.com', '0971970551', '1998-07-14', '新竹市', '2024-12-31 14:24:47'),
(833, '高宇軒', '', 'mail42881@test.com', '0988222884', '1994-04-26', '臺中市', '2024-12-31 14:24:47'),
(834, '胡家豪', '', 'mail56227@test.com', '0939474501', '1993-09-15', '新竹市', '2024-12-31 14:24:47'),
(835, '謝家瑋', '', 'mail13447@test.com', '0983571105', '1993-12-19', '高雄市', '2024-12-31 14:24:47'),
(836, '楊冠霖', '', 'mail86668@test.com', '0944352983', '1993-12-28', '高雄市', '2024-12-31 14:24:47'),
(837, '李雅筑', '', 'mail54160@test.com', '0930213584', '1992-12-07', '苗栗縣', '2024-12-31 14:24:47'),
(838, '曹承翰', '', 'mail46462@test.com', '0996561902', '1986-08-28', '澎湖縣', '2024-12-31 14:24:47'),
(839, '何怡婷', '', 'mail74138@test.com', '0922928432', '1989-11-06', '連江縣', '2024-12-31 14:24:47'),
(840, '袁怡君', '', 'mail21258@test.com', '0989167338', '1998-04-15', '新竹市', '2024-12-31 14:24:47'),
(841, '朱雅婷', '', 'mail74571@test.com', '0998119038', '1992-05-08', '金門縣', '2024-12-31 14:24:47'),
(842, '高怡君', '', 'mail82696@test.com', '0972905807', '1995-06-23', '南投縣', '2024-12-31 14:24:47'),
(843, '鄧彥廷', '', 'mail89699@test.com', '0962869003', '1998-08-08', '金門縣', '2024-12-31 14:24:47'),
(844, '張雅筑', '', 'mail95092@test.com', '0989715166', '1989-06-27', '雲林縣', '2024-12-31 14:24:47'),
(845, '傅冠霖', '', 'mail28044@test.com', '0955521167', '1990-08-26', '臺北市', '2024-12-31 14:24:47'),
(846, '蕭佳穎', '', 'mail34024@test.com', '0982876531', '1998-06-01', '臺南市', '2024-12-31 14:24:47'),
(847, '何家瑋', '', 'mail98072@test.com', '0976989985', '1997-11-16', '連江縣', '2024-12-31 14:24:47'),
(848, '高家瑋', '', 'mail46016@test.com', '0979608155', '1995-01-20', '新竹縣', '2024-12-31 14:24:47'),
(849, '孫宇軒', '', 'mail19206@test.com', '0930279587', '1996-06-23', '嘉義市', '2024-12-31 14:24:47'),
(850, '朱彥廷', '', 'mail92715@test.com', '0977000012', '1996-02-20', '臺北市', '2024-12-31 14:24:47'),
(851, '蕭雅筑', '', 'mail85454@test.com', '0914891765', '1986-12-13', '基隆市', '2024-12-31 14:24:47'),
(852, '袁冠霖', '', 'mail63300@test.com', '0956542704', '1989-12-27', '金門縣', '2024-12-31 14:24:47'),
(853, '黃宇軒', '', 'mail12998@test.com', '0928130160', '1985-05-17', '臺中市', '2024-12-31 14:24:47'),
(854, '何冠宇', '', 'mail13426@test.com', '0978501025', '1992-03-16', '連江縣', '2024-12-31 14:24:47'),
(855, '趙宗翰', '', 'mail74206@test.com', '0997071451', '1993-06-11', '臺南市', '2024-12-31 14:24:47'),
(856, '郭雅筑', '', 'mail62998@test.com', '0972097455', '1985-01-01', '金門縣', '2024-12-31 14:24:47'),
(857, '蕭承翰', '', 'mail70305@test.com', '0969198160', '1992-03-27', '嘉義市', '2024-12-31 14:24:47'),
(858, '馮怡君', '', 'mail66607@test.com', '0959654380', '1993-02-03', '嘉義市', '2024-12-31 14:24:47'),
(859, '孫彥廷', '', 'mail25880@test.com', '0952997364', '1990-09-11', '臺北市', '2024-12-31 14:24:47'),
(862, '陳怡君', '', 'mail14183@test.com', '0933239634', '1988-08-18', '臺南市', '2024-12-31 14:24:47'),
(863, '馮宇軒', '', 'mail94703@test.com', '0967534647', '1993-05-01', '花蓮縣', '2024-12-31 14:24:47'),
(864, '周宗翰', '', 'mail58855@test.com', '0971171687', '1991-03-18', '臺中市', '2024-12-31 14:24:47'),
(865, '唐柏翰', '', 'mail65879@test.com', '0955251426', '1998-01-10', '桃園市', '2024-12-31 14:24:47'),
(866, '曾詩涵', '', 'mail63206@test.com', '0942427515', '1987-08-31', '桃園市', '2024-12-31 14:24:47'),
(867, '王柏翰', '', 'mail87241@test.com', '0933102193', '1989-05-21', '屏東縣', '2024-12-31 14:24:47'),
(868, '曹宜庭', '', 'mail55944@test.com', '0924991255', '1989-02-01', '宜蘭縣', '2024-12-31 14:24:47'),
(869, '梁家豪', '', 'mail29143@test.com', '0994387129', '1995-02-11', '雲林縣', '2024-12-31 14:24:47'),
(870, '林承翰', '', 'mail14969@test.com', '0949304739', '1994-12-03', '宜蘭縣', '2024-12-31 14:24:47'),
(871, '呂怡君', '', 'mail37955@test.com', '0975160142', '1987-03-04', '臺南市', '2024-12-31 14:24:47'),
(872, '袁家豪', '', 'mail53041@test.com', '0910962570', '1990-07-04', '桃園市', '2024-12-31 14:24:47'),
(873, '黃怡婷', '', 'mail44265@test.com', '0954589992', '1985-09-14', '桃園市', '2024-12-31 14:24:47'),
(874, '吳承翰', '', 'mail49513@test.com', '0987954058', '1998-02-13', '屏東縣', '2024-12-31 14:24:47'),
(875, '張怡婷', '', 'mail95562@test.com', '0995429759', '1989-07-21', '南投縣', '2024-12-31 14:24:47'),
(876, '韓宇軒', '', 'mail84069@test.com', '0926496024', '1995-05-11', '花蓮縣', '2024-12-31 14:24:47'),
(877, '鄭冠廷', '', 'mail92589@test.com', '0945001947', '1987-02-21', '南投縣', '2024-12-31 14:24:47'),
(878, '王詩涵', '', 'mail48911@test.com', '0992201365', '1986-11-18', '宜蘭縣', '2024-12-31 14:24:47'),
(879, '梁承翰', '', 'mail74503@test.com', '0982756778', '1987-02-01', '臺北市', '2024-12-31 14:24:47'),
(880, '鄭宜庭111', '', 'mail54226@test.com', '0928487639', '1997-02-01', '臺東縣', '2024-12-31 14:24:47'),
(881, '鄧佳穎', '', 'mail67403@test.com', '0950769348', '1985-10-25', '彰化縣', '2024-12-31 14:24:47'),
(882, '梁柏翰', '', 'mail30397@test.com', '0926141110', '1993-01-10', '屏東縣', '2024-12-31 14:24:47'),
(883, '胡彥廷', '', 'mail57216@test.com', '0996030018', '1988-02-27', '桃園市', '2024-12-31 14:24:47'),
(884, '張宗翰', '', 'mail28703@test.com', '0960718168', '1996-10-25', '嘉義市', '2024-12-31 14:24:47'),
(885, '趙宜庭', '', 'mail88661@test.com', '0952764756', '1996-06-01', '新竹市', '2024-12-31 14:24:47'),
(886, '陳怡君', '', 'mail96032@test.com', '0927398620', '1986-06-12', '屏東縣', '2024-12-31 14:24:47'),
(887, '周宇軒', '', 'mail57358@test.com', '0934114618', '1997-03-06', '花蓮縣', '2024-12-31 14:24:47'),
(888, '傅怡君', '', 'mail85474@test.com', '0939347361', '1996-12-14', '桃園市', '2024-12-31 14:24:47'),
(889, '鄧雅筑', '', 'mail31936@test.com', '0950112106', '1992-12-21', '宜蘭縣', '2024-12-31 14:24:47'),
(890, '吳郁婷', '', 'mail12630@test.com', '0936403199', '1992-07-07', '新竹縣', '2024-12-31 14:24:47'),
(891, '黃宇軒', '', 'mail77514@test.com', '0989783516', '1986-03-29', '連江縣', '2024-12-31 14:24:47'),
(892, '楊怡萱', '', 'mail60995@test.com', '0985805903', '1991-05-24', '金門縣', '2024-12-31 14:24:47'),
(893, '許彥廷', '', 'mail64141@test.com', '0913722033', '1987-09-04', '臺東縣', '2024-12-31 14:24:47'),
(894, '韓彥廷', '', 'mail12325@test.com', '0993544290', '1987-05-20', '苗栗縣', '2024-12-31 14:24:47'),
(895, '周宇軒', '', 'mail38481@test.com', '0912641454', '1991-03-04', '嘉義縣', '2024-12-31 14:24:47'),
(896, '林冠霖', '', 'mail21507@test.com', '0910382915', '1997-11-13', '花蓮縣', '2024-12-31 14:24:47'),
(897, '沈宇軒', '', 'mail78108@test.com', '0982394102', '1988-11-07', '屏東縣', '2024-12-31 14:24:47'),
(898, '鄧柏翰', '', 'mail63948@test.com', '0991050761', '1987-05-01', '臺南市', '2024-12-31 14:24:47'),
(899, '張雅筑', '', 'mail28666@test.com', '0946716149', '1990-11-26', '南投縣', '2024-12-31 14:24:47'),
(900, '孫家瑋', '', 'mail21701@test.com', '0967576170', '1996-12-18', '新竹縣', '2024-12-31 14:24:47'),
(901, '曾郁婷', '', 'mail40742@test.com', '0963156259', '1987-09-14', '雲林縣', '2024-12-31 14:24:47'),
(902, '朱怡萱', '', 'mail40735@test.com', '0911603872', '1996-04-11', '雲林縣', '2024-12-31 14:24:47'),
(903, '林佳穎', '', 'mail76365@test.com', '0915497808', '1988-06-28', '苗栗縣', '2024-12-31 14:24:47'),
(904, '王冠霖', '', 'mail68588@test.com', '0989311470', '1989-11-25', '金門縣', '2024-12-31 14:24:47'),
(905, '徐宜庭', '', 'mail75346@test.com', '0933086094', '1998-05-09', '嘉義市', '2024-12-31 14:24:47'),
(906, '黃怡婷', '', 'mail73072@test.com', '0950844891', '1996-08-10', '苗栗縣', '2024-12-31 14:24:47'),
(907, '彭柏翰', '', 'mail13126@test.com', '0944056671', '1998-09-05', '澎湖縣', '2024-12-31 14:24:47'),
(908, '張郁婷', '', 'mail74429@test.com', '0910184068', '1999-06-17', '彰化縣', '2024-12-31 14:24:47'),
(909, '謝怡君', '', 'mail62100@test.com', '0965425604', '1989-05-09', '臺南市', '2024-12-31 14:24:47'),
(910, '朱家豪', '', 'mail44197@test.com', '0932263589', '1988-08-26', '雲林縣', '2024-12-31 14:24:47'),
(911, '郭彥廷', '', 'mail62622@test.com', '0959570304', '1989-12-17', '南投縣', '2024-12-31 14:24:47'),
(912, '徐承翰', '', 'mail42511@test.com', '0927346752', '1996-07-18', '高雄市', '2024-12-31 14:24:47'),
(913, '馬鈺婷', '', 'mail25387@test.com', '0943104054', '1992-10-10', '桃園市', '2024-12-31 14:24:47'),
(914, '謝冠霖', '', 'mail56405@test.com', '0959678910', '1990-01-25', '臺北市', '2024-12-31 14:24:47'),
(916, '蕭柏翰', '', 'mail35335@test.com', '0920706464', '1998-10-13', '臺東縣', '2024-12-31 14:24:47'),
(917, '程宇軒', '', 'mail56665@test.com', '0927346530', '1987-05-01', '澎湖縣', '2024-12-31 14:24:47'),
(918, '李宗翰', '', 'mail16478@test.com', '0994957975', '1995-08-09', '苗栗縣', '2024-12-31 14:24:47'),
(919, '張郁婷', '', 'mail34786@test.com', '0964488330', '1991-02-13', '桃園市', '2024-12-31 14:24:47'),
(920, '袁怡萱', '', 'mail12884@test.com', '0937379533', '1998-04-27', '嘉義縣', '2024-12-31 14:24:47'),
(921, '孫宜庭', '', 'mail94697@test.com', '0925873904', '1989-07-05', '臺南市', '2024-12-31 14:24:47'),
(922, '李家瑋', '', 'mail29475@test.com', '0947795677', '1989-02-20', '嘉義縣', '2024-12-31 14:24:47'),
(923, '鄧冠廷', '', 'mail19346@test.com', '0926273874', '1994-06-24', '臺北市', '2024-12-31 14:24:47'),
(924, '梁雅婷', '', 'mail30446@test.com', '0938250349', '1991-08-13', '新北市', '2024-12-31 14:24:47'),
(925, '袁佳穎', '', 'mail65998@test.com', '0964924894', '1999-07-29', '臺東縣', '2024-12-31 14:24:47'),
(926, '張佳穎', '', 'mail21484@test.com', '0957436906', '1989-04-17', '嘉義縣', '2024-12-31 14:24:47'),
(927, '董承翰', '', 'mail27719@test.com', '0977103452', '1995-09-07', '苗栗縣', '2024-12-31 14:24:47'),
(928, '徐郁婷', '', 'mail36966@test.com', '0975201938', '1996-01-31', '新北市', '2024-12-31 14:24:47'),
(929, '朱承翰', '', 'mail88063@test.com', '0969607963', '1991-04-28', '臺東縣', '2024-12-31 14:24:47'),
(930, '唐彥廷', '', 'mail96577@test.com', '0974493888', '1994-11-28', '臺南市', '2024-12-31 14:24:47'),
(931, '於佳穎', '', 'mail22305@test.com', '0962359224', '1995-10-17', '宜蘭縣', '2024-12-31 14:24:47'),
(932, '梁鈺婷', '', 'mail56107@test.com', '0952473941', '1996-09-19', '新竹市', '2024-12-31 14:24:47'),
(933, '馬宜庭', '', 'mail13286@test.com', '0980063012', '1990-09-24', '澎湖縣', '2024-12-31 14:24:47'),
(934, '曾冠廷', '', 'mail43979@test.com', '0925398430', '1987-10-08', '新竹縣', '2024-12-31 14:24:47'),
(935, '林家瑋', '', 'mail74489@test.com', '0960058932', '1994-04-28', '花蓮縣', '2024-12-31 14:24:47'),
(936, '程宜庭', '', 'mail62641@test.com', '0952139766', '1999-01-29', '屏東縣', '2024-12-31 14:24:47'),
(937, '林鈺婷', '', 'mail37334@test.com', '0932684592', '1999-12-15', '雲林縣', '2024-12-31 14:24:47'),
(938, '蕭家瑋', '', 'mail99160@test.com', '0964726395', '1988-01-11', '新竹市', '2024-12-31 14:24:47'),
(939, '李怡萱', '', 'mail22765@test.com', '0995399478', '1998-10-31', '新北市', '2024-12-31 14:24:47'),
(940, '李宜庭', '', 'mail28922@test.com', '0920647532', '1987-11-05', '高雄市', '2024-12-31 14:24:47'),
(941, '沈冠廷', '', 'mail38618@test.com', '0996508230', '1992-05-14', '苗栗縣', '2024-12-31 14:24:47'),
(942, '唐柏翰', '', 'mail44817@test.com', '0922494020', '1989-06-27', '嘉義縣', '2024-12-31 14:24:47'),
(943, '曹柏翰', '', 'mail29634@test.com', '0935928973', '1994-06-06', '基隆市', '2024-12-31 14:24:47'),
(944, '韓宗翰', '', 'mail24865@test.com', '0966055466', '1998-11-29', '基隆市', '2024-12-31 14:24:47'),
(945, '袁雅婷', '', 'mail20952@test.com', '0962549811', '1990-07-09', '高雄市', '2024-12-31 14:24:47'),
(946, '郭宇軒', '', 'mail85142@test.com', '0989773302', '1994-06-02', '臺中市', '2024-12-31 14:24:47'),
(947, '羅雅婷', '', 'mail59095@test.com', '0920314116', '1994-03-19', '臺東縣', '2024-12-31 14:24:47'),
(948, '鄧柏翰', '', 'mail21814@test.com', '0987267650', '1992-08-18', '新竹市', '2024-12-31 14:24:47'),
(949, '許承翰', '', 'mail33296@test.com', '0978875617', '1986-12-11', '新竹市', '2024-12-31 14:24:47'),
(950, '謝鈺婷', '', 'mail12674@test.com', '0946596163', '1985-08-03', '基隆市', '2024-12-31 14:24:47'),
(951, '馮家豪', '', 'mail62835@test.com', '0933349840', '1998-12-25', '屏東縣', '2024-12-31 14:24:47'),
(952, '馮怡君', '', 'mail11007@test.com', '0982203915', '1994-05-25', '臺東縣', '2024-12-31 14:24:47'),
(953, '吳冠宇', '', 'mail93195@test.com', '0964976383', '1985-02-19', '澎湖縣', '2024-12-31 14:24:47'),
(954, '鄭宗翰', '', 'mail28325@test.com', '0930294024', '1987-07-07', '苗栗縣', '2024-12-31 14:24:47'),
(955, '王家瑋', '', 'mail80280@test.com', '0996876412', '1998-02-14', '新竹市', '2024-12-31 14:24:47'),
(956, '馮家瑋', '', 'mail86990@test.com', '0910677714', '1999-05-02', '臺北市', '2024-12-31 14:24:47'),
(957, '徐鈺婷', '', 'mail56388@test.com', '0944212724', '1991-04-01', '臺北市', '2024-12-31 14:24:47'),
(958, '許鈺婷', '', 'mail61011@test.com', '0914064763', '1996-01-08', '澎湖縣', '2024-12-31 14:24:47'),
(960, '許柏翰', '', 'mail94134@test.com', '0929654277', '1996-04-24', '苗栗縣', '2024-12-31 14:24:47'),
(961, '彭彥廷', '', 'mail53460@test.com', '0963101835', '1991-05-07', '新竹市', '2024-12-31 14:24:47'),
(962, '宋冠廷', '', 'mail35294@test.com', '0949888421', '1989-03-31', '嘉義縣', '2024-12-31 14:24:47'),
(963, '吳佳穎', '', 'mail76348@test.com', '0926487645', '1990-09-25', '新竹縣', '2024-12-31 14:24:47'),
(964, '彭冠宇', '', 'mail28991@test.com', '0915037947', '1989-05-11', '連江縣', '2024-12-31 14:24:47'),
(965, '王承翰', '', 'mail83295@test.com', '0982473244', '1986-04-10', '南投縣', '2024-12-31 14:24:47'),
(966, '張冠霖', '', 'mail25054@test.com', '0943823399', '1992-05-10', '桃園市', '2024-12-31 14:24:47'),
(968, '劉宇軒', '', 'mail60678@test.com', '0937775284', '1985-02-14', '嘉義縣', '2024-12-31 14:24:47'),
(969, '梁柏翰', '', 'mail84425@test.com', '0995584003', '1988-09-25', '彰化縣', '2024-12-31 14:24:47'),
(971, '曾冠宇', '', 'mail66738@test.com', '0967449050', '1985-07-27', '臺北市', '2024-12-31 14:24:47'),
(973, '朱冠廷', '', 'mail17496@test.com', '0960708961', '1989-11-12', '屏東縣', '2024-12-31 14:24:47'),
(974, '鄧彥廷', '', 'mail56126@test.com', '0967363653', '1985-01-06', '桃園市', '2024-12-31 14:24:47'),
(975, '高家瑋', '', 'mail98198@test.com', '0975126567', '1989-12-13', '新竹縣', '2024-12-31 14:24:47'),
(976, '唐怡君', '', 'mail95907@test.com', '0994218590', '1996-11-14', '臺中市', '2024-12-31 14:24:47'),
(977, '許怡婷', '', 'mail14296@test.com', '0913423195', '1987-03-22', '屏東縣', '2024-12-31 14:24:47'),
(978, '程鈺婷', '', 'mail42770@test.com', '0960561222', '1985-08-04', '臺東縣', '2024-12-31 14:24:47'),
(979, '馮怡君', '', 'mail61770@test.com', '0948946655', '1990-02-20', '臺北市', '2024-12-31 14:24:47'),
(980, '董宜庭', '', 'mail63909@test.com', '0990021684', '1990-08-09', '臺北市', '2024-12-31 14:24:47'),
(983, '胡雅婷', '', 'mail26803@test.com', '0978962085', '1995-09-01', '連江縣', '2024-12-31 14:24:47'),
(984, '謝彥廷', '', 'mail63017@test.com', '0930649541', '1999-09-19', '南投縣', '2024-12-31 14:24:47'),
(985, '謝怡婷', '', 'mail98419@test.com', '0970067343', '1999-03-15', '臺東縣', '2024-12-31 14:24:47'),
(988, '鄧冠宇', '', 'mail19003@test.com', '0925729061', '1998-07-25', '臺北市', '2024-12-31 14:24:47'),
(990, '朱家瑋', '', 'mail32488@test.com', '0912540554', '1991-11-02', '新竹縣', '2024-12-31 14:24:47'),
(991, '陳怡婷', '', 'mail88907@test.com', '0916491396', '1992-05-15', '嘉義縣', '2024-12-31 14:24:47'),
(994, '李怡萱', '', 'mail70551@test.com', '0947818480', '1996-10-30', '彰化縣', '2024-12-31 14:24:47'),
(995, '羅佳穎', '', 'mail28236@test.com', '0991085885', '1997-05-24', '澎湖縣', '2024-12-31 14:24:47'),
(997, '鄧雅筑', '', 'mail11247@test.com', '0934419082', '1995-08-14', '高雄市', '2024-12-31 14:24:47'),
(999, '傅詩涵', 'e4a67ea0-9550-4b59-92d5-5e135ecf3901.jpg', 'mail77824@test.com', '0978491714', NULL, '新竹縣', '2024-12-31 14:24:47'),
(1000, '馬宗翰', '', 'mail21280@test.com', '0949402860', '1993-07-18', '嘉義縣', '2024-12-31 14:24:47'),
(1012, '妙娃種子', '098a90ba-fb70-4da4-87d1-a169701c0d11.jpg', 'mail10226@test.com', '', '2025-02-06', '', '2025-02-11 11:51:02'),
(1013, '小火龍', 'd04f6c37-1601-4a18-b419-d2c537475f4a.jpg', 'mail10226@test.com', '0918456789', '2025-02-02', '台南市', '2025-02-11 11:51:33'),
(1014, '皮卡丘2', '003cbd82-cf99-413f-b6b7-53392a2bd24a.jpg', 'mail10226@test.com', '0918456111', '2025-01-07', '台北市', '2025-02-11 11:52:01');

-- --------------------------------------------------------

--
-- 資料表結構 `categories`
--

CREATE TABLE `categories` (
  `category_id` int NOT NULL,
  `name` varchar(30) NOT NULL,
  `parent_id` int DEFAULT NULL
) ENGINE=InnoDB DEFAULT CHARSET=utf8mb4 COLLATE=utf8mb4_0900_ai_ci;

--
-- 傾印資料表的資料 `categories`
--

INSERT INTO `categories` (`category_id`, `name`, `parent_id`) VALUES
(1, '程式設計', NULL),
(2, '繪圖軟體', NULL),
(3, '網際網路應用', NULL),
(4, 'PHP', 1),
(5, 'JavaScript', 1),
(6, 'Illustrator', 2),
(7, 'PhotoShop', 2),
(8, 'Chrome', 3),
(9, 'C++', 1);

-- --------------------------------------------------------

--
-- 資料表結構 `csv_test1`
--

CREATE TABLE `csv_test1` (
  `id` int NOT NULL,
  `name` varchar(255) CHARACTER SET utf8mb4 COLLATE utf8mb4_general_ci DEFAULT NULL,
  `age` int DEFAULT NULL
) ENGINE=InnoDB DEFAULT CHARSET=utf8mb4 COLLATE=utf8mb4_general_ci;

--
-- 傾印資料表的資料 `csv_test1`
--

INSERT INTO `csv_test1` (`id`, `name`, `age`) VALUES
(1, '李小明', 26),
(2, '陳小華', 25),
(3, '李小明', 26),
(4, '陳小華', NULL),
(5, '李小明', 26),
(6, NULL, 28);

-- --------------------------------------------------------

--
-- 資料表結構 `favorites`
--

CREATE TABLE `favorites` (
  `favorite_id` int NOT NULL,
  `member_id` int NOT NULL,
  `product_id` int NOT NULL,
  `created_at` datetime NOT NULL DEFAULT CURRENT_TIMESTAMP
) ENGINE=InnoDB DEFAULT CHARSET=utf8mb4 COLLATE=utf8mb4_0900_ai_ci;

--
-- 傾印資料表的資料 `favorites`
--

INSERT INTO `favorites` (`favorite_id`, `member_id`, `product_id`, `created_at`) VALUES
(1, 7, 23, '2024-06-20 09:22:07'),
(2, 7, 7, '2024-06-20 09:22:07'),
(3, 7, 10, '2024-06-20 09:23:40'),
(4, 3, 18, '2024-06-20 09:24:22'),
(5, 3, 5, '2024-06-20 09:24:22'),
(6, 7, 16, '2024-06-20 09:24:52');

-- --------------------------------------------------------

--
-- 資料表結構 `members`
--

CREATE TABLE `members` (
  `member_id` int NOT NULL,
  `email` varchar(100) NOT NULL,
  `password_hash` varchar(100) NOT NULL,
  `mobile` varchar(30) DEFAULT NULL,
  `nickname` varchar(30) NOT NULL,
  `create_at` datetime NOT NULL
) ENGINE=InnoDB DEFAULT CHARSET=utf8mb4 COLLATE=utf8mb4_0900_ai_ci;

--
-- 傾印資料表的資料 `members`
--

INSERT INTO `members` (`member_id`, `email`, `password_hash`, `mobile`, `nickname`, `create_at`) VALUES
(3, 'ming@test.com', '$2b$10$DqHQE.NhTF0Qvj0jPV5H5Og5Ijtz2YOIjwsLKQpsckOyx7iRK0L4C', '0918222333', '大明', '2019-01-07 10:39:38'),
(7, 'shin@test.com', '$2b$10$DqHQE.NhTF0Qvj0jPV5H5Og5Ijtz2YOIjwsLKQpsckOyx7iRK0L4C', '0918222555', '小新', '2020-09-17 10:30:38');

-- --------------------------------------------------------

--
-- 資料表結構 `my_friends`
--

CREATE TABLE `my_friends` (
  `sid` int NOT NULL,
  `name` varchar(100) NOT NULL,
  `birthday` date DEFAULT NULL,
  `mobile` varchar(30) DEFAULT NULL,
  `created_at` timestamp NOT NULL DEFAULT CURRENT_TIMESTAMP
) ENGINE=InnoDB DEFAULT CHARSET=utf8mb4 COLLATE=utf8mb4_0900_ai_ci;

--
-- 傾印資料表的資料 `my_friends`
--

INSERT INTO `my_friends` (`sid`, `name`, `birthday`, `mobile`, `created_at`) VALUES
(1, '林小新', '1995-09-20', '0935666888', '2024-06-16 12:47:29'),
(2, '李大明', '1993-02-15', '0935777888', '2024-06-16 12:48:18'),
(3, '陳小華', '1996-08-21', '0935666777', '2024-06-16 12:48:26'),
(4, '王小花', '1997-07-22', '0935666555', '2024-06-16 12:48:26'),
(5, '丁小雨', '1998-06-23', '0935666333', '2024-06-16 12:48:26'),
(6, '蘇小丙', NULL, '0935777858', '2024-06-16 12:50:59');

-- --------------------------------------------------------

--
-- 資料表結構 `orders`
--

CREATE TABLE `orders` (
  `order_id` int NOT NULL,
  `member_id` int NOT NULL,
  `amount` int NOT NULL,
  `ordered_at` datetime NOT NULL
) ENGINE=InnoDB DEFAULT CHARSET=utf8mb4 COLLATE=utf8mb4_0900_ai_ci;

--
-- 傾印資料表的資料 `orders`
--

INSERT INTO `orders` (`order_id`, `member_id`, `amount`, `ordered_at`) VALUES
(5, 3, 1820, '2016-03-25 12:19:05'),
(10, 7, 1460, '2016-06-01 11:15:53'),
(11, 3, 2030, '2017-10-03 13:49:20');

-- --------------------------------------------------------

--
-- 資料表結構 `order_details`
--

CREATE TABLE `order_details` (
  `od_id` int NOT NULL,
  `order_id` int NOT NULL,
  `product_id` int NOT NULL,
  `price` int NOT NULL,
  `quantity` int NOT NULL
) ENGINE=InnoDB DEFAULT CHARSET=utf8mb4 COLLATE=utf8mb4_0900_ai_ci;

--
-- 傾印資料表的資料 `order_details`
--

INSERT INTO `order_details` (`od_id`, `order_id`, `product_id`, `price`, `quantity`) VALUES
(4, 5, 22, 580, 1),
(5, 5, 17, 620, 2),
(9, 10, 1, 560, 1),
(10, 10, 2, 420, 1),
(11, 10, 3, 480, 1),
(12, 11, 5, 690, 2),
(13, 11, 15, 650, 1),
(14, 11, 3, 480, 2);

-- --------------------------------------------------------

--
-- 資料表結構 `products`
--

CREATE TABLE `products` (
  `product_id` int NOT NULL,
  `author` varchar(50) NOT NULL,
  `book_name` varchar(60) NOT NULL,
  `category_id` int NOT NULL,
  `publish_date` date NOT NULL,
  `pages` int NOT NULL,
  `price` int NOT NULL,
  `isbn` varchar(30) NOT NULL
) ENGINE=InnoDB DEFAULT CHARSET=utf8mb4 COLLATE=utf8mb4_0900_ai_ci;

--
-- 傾印資料表的資料 `products`
--

INSERT INTO `products` (`product_id`, `author`, `book_name`, `category_id`, `publish_date`, `pages`, `price`, `isbn`) VALUES
(1, '洪一新、許瑞珍', '圖解C++程式設計', 1, '2010-02-08', 624, 560, '978-986-201-306-9 '),
(2, '吳睿紘', '圖解資料結構-使用JAVA', 1, '2009-12-15', 384, 420, '978-986-201-281-9 '),
(3, '江家頡、陳怡均', 'Visual C# 2008網路遊戲程式設計', 1, '2009-11-27', 424, 480, '978-986-201-278-9 '),
(4, '結城 浩', 'Java 重構- Java Refactoring', 1, '2010-01-21', 432, 490, '978-986-201-087-7 '),
(5, '平田豊', 'Linux Device Driver Programming 驅動程式設計', 1, '2009-01-05', 624, 690, '978-986-201-186-7 '),
(6, '王鴻儒', 'Excel VBA 2007程式設計 - 增訂新版', 1, '2008-05-27', 400, 450, '978-986-201-129-4'),
(7, '姜姃延', '彩繪天堂Painter數位插畫輕鬆學', 2, '2009-09-14', 448, 550, '978-986-201-255-0'),
(8, '金惠京', '不一樣的創作設計風格- Photoshop Artworks Stylebook ', 2, '2009-11-30', 304, 520, '978-986-201-276-5'),
(9, '大室はじめ Hajime', '日式風格藝術紋樣素材選集', 2, '2009-03-09', 128, 350, '978-986-201-203-1'),
(10, '五島由實', 'Illustrator GOODS COLLECTION', 2, '2008-10-29', 192, 350, '978-986-201-172-0 '),
(11, '久米原榮、上田浩', 'Wireshark 網路協定分析與管理', 3, '2010-01-12', 400, 480, '978-986-201-292-5'),
(12, '陳佩婷', 'Flash CS4動畫設計應用集', 3, '2010-01-07', 464, 520, '978-986-201-290-1'),
(13, '陳東偉', 'Internet網路實務與應用', 3, '2010-01-04', 512, 500, '978-986-201-286-4'),
(14, '奧山壽史', '打開就能用的整站網頁設計範例集', 3, '2009-12-23', 176, 380, '978-986-201-284-0'),
(15, 'Time研究室 陳錦輝', 'ASP.NET 3.5初學指引-使用Visual Basic 2008', 3, '2009-10-29', 896, 650, '978-986-201-270-3'),
(16, '榮欽科技 鄭苑鳳', 'Dreamweaver CS4網頁設計應用集', 3, '2009-09-07', 480, 520, '978-986-201-261-1'),
(17, '賈蓉生、胡大源、許世豪', 'Java互動網站實作 -JSP與資料庫', 3, '2009-08-13', 656, 620, '978-986-201-250-5'),
(18, '田中康博、林拓也', 'ActionScript 3.0 活用範例大辭典', 3, '2009-03-23', 544, 550, '978-986-201-207-9'),
(19, '數位新知', '網頁設計應用集 -Dreamweaver+PhotoImpact+Flash', 3, '2009-03-16', 464, 520, '978-986-201-202-4'),
(20, '陳湘揚 ', '網路概論(第二版)', 3, '2008-12-30', 592, 580, '978-986-201-187-4'),
(21, '林季嫻', 'Joomla圖解架站實例應用', 3, '2008-11-25', 560, 490, '978-986-201-178-2'),
(22, '前沿科技 溫謙', 'Web CSS網頁設計大全', 3, '2008-10-29', 448, 580, '978-986-201-169-0'),
(23, '林新德', 'Flash CS3 ActionScript 3.0應用程式設計', 3, '2007-11-22', 560, 520, '978-986-201-067-9');

-- --------------------------------------------------------

--
-- 資料表結構 `sessions`
--

CREATE TABLE `sessions` (
  `session_id` varchar(128) CHARACTER SET utf8mb4 COLLATE utf8mb4_bin NOT NULL,
  `expires` int UNSIGNED NOT NULL,
  `data` mediumtext CHARACTER SET utf8mb4 COLLATE utf8mb4_bin
) ENGINE=InnoDB DEFAULT CHARSET=utf8mb4 COLLATE=utf8mb4_general_ci;

--
-- 傾印資料表的資料 `sessions`
--

INSERT INTO `sessions` (`session_id`, `expires`, `data`) VALUES
('-Ean8IHT0G2NgivgGC-XFVY6vrdPJh6s', 1739431525, '{\"cookie\":{\"originalMaxAge\":null,\"expires\":null,\"httpOnly\":true,\"path\":\"/\"},\"myNumber\":40,\"admin\":{\"email\":\"ming@test.com\",\"member_id\":3,\"nickname\":\"大明\"}}'),
('0MWR9GDpHE82jdzsct6NTvMzEAdwod_D', 1739417605, '{\"cookie\":{\"originalMaxAge\":null,\"expires\":null,\"httpOnly\":true,\"path\":\"/\"},\"myNumber\":2}'),
('5xM0LiHOAyd_ZopqpjrImhbXJGllH2Uf', 1739418784, '{\"cookie\":{\"originalMaxAge\":null,\"expires\":null,\"httpOnly\":true,\"path\":\"/\"},\"myNumber\":2}'),
('8XMCDWRyb1oWV7pSX_bbeE2AcVqYcX1j', 1739409816, '{\"cookie\":{\"originalMaxAge\":null,\"expires\":null,\"httpOnly\":true,\"path\":\"/\"},\"admin\":{\"email\":\"ming@test.com\",\"member_id\":3,\"nickname\":\"大明\"},\"myNumber\":2}'),
('9fTiNcfR9o1EJJH5-CdsqOzEc74ezl3i', 1739424917, '{\"cookie\":{\"originalMaxAge\":null,\"expires\":null,\"httpOnly\":true,\"path\":\"/\"},\"myNumber\":2}'),
('AgcDtVSarGFnFsF67L_aVBXqhOfBl5KK', 1739418744, '{\"cookie\":{\"originalMaxAge\":null,\"expires\":null,\"httpOnly\":true,\"path\":\"/\"},\"myNumber\":2}'),
('DbYy-SBFrMvsJ75Q4o2nML-ibsjmlqR6', 1739349057, '{\"cookie\":{\"originalMaxAge\":null,\"expires\":null,\"httpOnly\":true,\"path\":\"/\"},\"admin\":{\"email\":\"ming@test.com\",\"member_id\":3,\"nickname\":\"大明\"},\"myNumber\":2}'),
('HY75XKc7KIKn26R3pBB-mOQy23kPtYCl', 1739418836, '{\"cookie\":{\"originalMaxAge\":null,\"expires\":null,\"httpOnly\":true,\"path\":\"/\"},\"myNumber\":2}'),
('I5xEQzsrFwViEhdAG0g43tXaCV_SMqY0', 1739417969, '{\"cookie\":{\"originalMaxAge\":null,\"expires\":null,\"httpOnly\":true,\"path\":\"/\"},\"myNumber\":2}'),
('Kehtr4iR4Fz1gWxM7W7ahMWcAnJykzcI', 1739418845, '{\"cookie\":{\"originalMaxAge\":null,\"expires\":null,\"httpOnly\":true,\"path\":\"/\"},\"myNumber\":2}'),
('NK_B9E9YRnwmUaA_tpKZWGYxQ-UyvZ56', 1739418836, '{\"cookie\":{\"originalMaxAge\":null,\"expires\":null,\"httpOnly\":true,\"path\":\"/\"},\"myNumber\":2}'),
('P_tzu2R-F9Z8ESS2wnq1PjN24v0i1B1H', 1739418835, '{\"cookie\":{\"originalMaxAge\":null,\"expires\":null,\"httpOnly\":true,\"path\":\"/\"},\"myNumber\":2}'),
('RJgFsg4c0iuQqzdyd8e2bpG2fFX5yYnk', 1739410438, '{\"cookie\":{\"originalMaxAge\":null,\"expires\":null,\"httpOnly\":true,\"path\":\"/\"},\"myNumber\":7}'),
('RfXPmQcqryaAkreIp_3oD8sVo0hathcU', 1739417661, '{\"cookie\":{\"originalMaxAge\":null,\"expires\":null,\"httpOnly\":true,\"path\":\"/\"},\"myNumber\":2}'),
('UznrPhavtRYNWNl7GyE65v3fDrlPFugz', 1739417663, '{\"cookie\":{\"originalMaxAge\":null,\"expires\":null,\"httpOnly\":true,\"path\":\"/\"},\"myNumber\":2}'),
('WHe-ne2acTr7lbMvC4ezbiNi9w-I0JXL', 1739417557, '{\"cookie\":{\"originalMaxAge\":null,\"expires\":null,\"httpOnly\":true,\"path\":\"/\"},\"myNumber\":2}'),
('ab39ZkLWRObZQu02fb0xC9VG4ltGESa7', 1739417606, '{\"cookie\":{\"originalMaxAge\":null,\"expires\":null,\"httpOnly\":true,\"path\":\"/\"},\"myNumber\":2}'),
('bpzvg-7gGbWInmoFuInReoqtdxPdUyYf', 1739417604, '{\"cookie\":{\"originalMaxAge\":null,\"expires\":null,\"httpOnly\":true,\"path\":\"/\"},\"myNumber\":2}'),
('dj7Ma8nSzmbrLVU-oYd-K5PsaHGUewnL', 1739418830, '{\"cookie\":{\"originalMaxAge\":null,\"expires\":null,\"httpOnly\":true,\"path\":\"/\"},\"myNumber\":2}'),
('fAlzAykV9CPuP-P6SRB8NdwJTl56tN4Y', 1739417675, '{\"cookie\":{\"originalMaxAge\":null,\"expires\":null,\"httpOnly\":true,\"path\":\"/\"},\"myNumber\":2}'),
('iF2XRmT8nOf6ARFCBCQEmhyrt63cq6eQ', 1739419027, '{\"cookie\":{\"originalMaxAge\":null,\"expires\":null,\"httpOnly\":true,\"path\":\"/\"},\"myNumber\":2}'),
('n88n-Ovt9P1Vqphl3TjtFouiVEKfInsv', 1739424937, '{\"cookie\":{\"originalMaxAge\":null,\"expires\":null,\"httpOnly\":true,\"path\":\"/\"},\"myNumber\":2}'),
('ovD_ZnDLKij0Jz9Nh-A8d4GWeW5xLzty', 1739417767, '{\"cookie\":{\"originalMaxAge\":null,\"expires\":null,\"httpOnly\":true,\"path\":\"/\"},\"myNumber\":2}'),
('qCLihNHD5ozUWXCmWbks3BOWAGS4T6zl', 1739418751, '{\"cookie\":{\"originalMaxAge\":null,\"expires\":null,\"httpOnly\":true,\"path\":\"/\"},\"myNumber\":2}'),
('rZYuUpdjJzA5f0jhlH4qqKF5EP2noVom', 1739425166, '{\"cookie\":{\"originalMaxAge\":null,\"expires\":null,\"httpOnly\":true,\"path\":\"/\"},\"myNumber\":2}'),
('rwHKPdf2hdfGRu9QpsX8Bc2azB04d2KU', 1739417535, '{\"cookie\":{\"originalMaxAge\":null,\"expires\":null,\"httpOnly\":true,\"path\":\"/\"},\"myNumber\":2}'),
('waXzW8AgGPn9QfsxfBEm4dUwkQKKBQP2', 1739417553, '{\"cookie\":{\"originalMaxAge\":null,\"expires\":null,\"httpOnly\":true,\"path\":\"/\"},\"myNumber\":2}'),
('yIzktWkjKNh7AntVk0xFd0oC2wLEz85D', 1739418040, '{\"cookie\":{\"originalMaxAge\":null,\"expires\":null,\"httpOnly\":true,\"path\":\"/\"},\"myNumber\":2}'),
('zJ73DvblcSYlpCUYQ16bmiWvnhJvwc0X', 1739419268, '{\"cookie\":{\"originalMaxAge\":null,\"expires\":null,\"httpOnly\":true,\"path\":\"/\"},\"myNumber\":2}');

-- --------------------------------------------------------

--
-- 資料表結構 `v1_utf8`
--

CREATE TABLE `v1_utf8` (
  `COL 1` varchar(3) DEFAULT NULL,
  `COL 2` varchar(2) DEFAULT NULL
) ENGINE=InnoDB DEFAULT CHARSET=utf8mb3;

--
-- 傾印資料表的資料 `v1_utf8`
--

INSERT INTO `v1_utf8` (`COL 1`, `COL 2`) VALUES
('姓名', '年齡'),
('李小明', '26'),
('陳小華', '25');

--
-- 已傾印資料表的索引
--

--
-- 資料表索引 `ab_likes`
--
ALTER TABLE `ab_likes`
  ADD PRIMARY KEY (`like_id`),
  ADD UNIQUE KEY `member_id` (`member_id`,`ab_id`),
  ADD KEY `ab_id` (`ab_id`);

--
-- 資料表索引 `address_book`
--
ALTER TABLE `address_book`
  ADD PRIMARY KEY (`ab_id`);

--
-- 資料表索引 `categories`
--
ALTER TABLE `categories`
  ADD PRIMARY KEY (`category_id`),
  ADD KEY `parent_sid` (`parent_id`);

--
-- 資料表索引 `csv_test1`
--
ALTER TABLE `csv_test1`
  ADD PRIMARY KEY (`id`);

--
-- 資料表索引 `favorites`
--
ALTER TABLE `favorites`
  ADD PRIMARY KEY (`favorite_id`),
  ADD UNIQUE KEY `member_id` (`member_id`,`product_id`),
  ADD KEY `favorites_ibfk_2` (`product_id`);

--
-- 資料表索引 `members`
--
ALTER TABLE `members`
  ADD PRIMARY KEY (`member_id`),
  ADD UNIQUE KEY `email` (`email`);

--
-- 資料表索引 `my_friends`
--
ALTER TABLE `my_friends`
  ADD PRIMARY KEY (`sid`);

--
-- 資料表索引 `orders`
--
ALTER TABLE `orders`
  ADD PRIMARY KEY (`order_id`),
  ADD KEY `member_id` (`member_id`);

--
-- 資料表索引 `order_details`
--
ALTER TABLE `order_details`
  ADD PRIMARY KEY (`od_id`),
  ADD KEY `order_id` (`order_id`) USING BTREE,
  ADD KEY `product_id` (`product_id`) USING BTREE;

--
-- 資料表索引 `products`
--
ALTER TABLE `products`
  ADD PRIMARY KEY (`product_id`),
  ADD UNIQUE KEY `isbn` (`isbn`),
  ADD KEY `category_id` (`category_id`);

--
-- 資料表索引 `sessions`
--
ALTER TABLE `sessions`
  ADD PRIMARY KEY (`session_id`);

--
-- 在傾印的資料表使用自動遞增(AUTO_INCREMENT)
--

--
-- 使用資料表自動遞增(AUTO_INCREMENT) `ab_likes`
--
ALTER TABLE `ab_likes`
  MODIFY `like_id` int NOT NULL AUTO_INCREMENT, AUTO_INCREMENT=8;

--
-- 使用資料表自動遞增(AUTO_INCREMENT) `address_book`
--
ALTER TABLE `address_book`
  MODIFY `ab_id` int NOT NULL AUTO_INCREMENT, AUTO_INCREMENT=1015;

--
-- 使用資料表自動遞增(AUTO_INCREMENT) `categories`
--
ALTER TABLE `categories`
  MODIFY `category_id` int NOT NULL AUTO_INCREMENT, AUTO_INCREMENT=17;

--
-- 使用資料表自動遞增(AUTO_INCREMENT) `csv_test1`
--
ALTER TABLE `csv_test1`
  MODIFY `id` int NOT NULL AUTO_INCREMENT, AUTO_INCREMENT=7;

--
-- 使用資料表自動遞增(AUTO_INCREMENT) `favorites`
--
ALTER TABLE `favorites`
  MODIFY `favorite_id` int NOT NULL AUTO_INCREMENT, AUTO_INCREMENT=7;

--
-- 使用資料表自動遞增(AUTO_INCREMENT) `members`
--
ALTER TABLE `members`
  MODIFY `member_id` int NOT NULL AUTO_INCREMENT, AUTO_INCREMENT=8;

--
-- 使用資料表自動遞增(AUTO_INCREMENT) `my_friends`
--
ALTER TABLE `my_friends`
  MODIFY `sid` int NOT NULL AUTO_INCREMENT, AUTO_INCREMENT=7;

--
-- 使用資料表自動遞增(AUTO_INCREMENT) `orders`
--
ALTER TABLE `orders`
  MODIFY `order_id` int NOT NULL AUTO_INCREMENT, AUTO_INCREMENT=13;

--
-- 使用資料表自動遞增(AUTO_INCREMENT) `order_details`
--
ALTER TABLE `order_details`
  MODIFY `od_id` int NOT NULL AUTO_INCREMENT, AUTO_INCREMENT=15;

--
-- 使用資料表自動遞增(AUTO_INCREMENT) `products`
--
ALTER TABLE `products`
  MODIFY `product_id` int NOT NULL AUTO_INCREMENT, AUTO_INCREMENT=24;

--
-- 已傾印資料表的限制式
--

--
-- 資料表的限制式 `ab_likes`
--
ALTER TABLE `ab_likes`
  ADD CONSTRAINT `ab_likes_ibfk_1` FOREIGN KEY (`member_id`) REFERENCES `members` (`member_id`) ON DELETE RESTRICT ON UPDATE RESTRICT,
  ADD CONSTRAINT `ab_likes_ibfk_2` FOREIGN KEY (`ab_id`) REFERENCES `address_book` (`ab_id`) ON DELETE RESTRICT ON UPDATE RESTRICT;

--
-- 資料表的限制式 `categories`
--
ALTER TABLE `categories`
  ADD CONSTRAINT `categories_ibfk_1` FOREIGN KEY (`parent_id`) REFERENCES `categories` (`category_id`);

--
-- 資料表的限制式 `favorites`
--
ALTER TABLE `favorites`
  ADD CONSTRAINT `favorites_ibfk_1` FOREIGN KEY (`member_id`) REFERENCES `members` (`member_id`),
  ADD CONSTRAINT `favorites_ibfk_2` FOREIGN KEY (`product_id`) REFERENCES `products` (`product_id`);

--
-- 資料表的限制式 `orders`
--
ALTER TABLE `orders`
  ADD CONSTRAINT `orders_ibfk_1` FOREIGN KEY (`member_id`) REFERENCES `members` (`member_id`);

--
-- 資料表的限制式 `order_details`
--
ALTER TABLE `order_details`
  ADD CONSTRAINT `order_details_ibfk_1` FOREIGN KEY (`order_id`) REFERENCES `orders` (`order_id`),
  ADD CONSTRAINT `order_details_ibfk_2` FOREIGN KEY (`product_id`) REFERENCES `products` (`product_id`);

--
-- 資料表的限制式 `products`
--
ALTER TABLE `products`
  ADD CONSTRAINT `products_ibfk_1` FOREIGN KEY (`category_id`) REFERENCES `categories` (`category_id`);
COMMIT;

/*!40101 SET CHARACTER_SET_CLIENT=@OLD_CHARACTER_SET_CLIENT */;
/*!40101 SET CHARACTER_SET_RESULTS=@OLD_CHARACTER_SET_RESULTS */;
/*!40101 SET COLLATION_CONNECTION=@OLD_COLLATION_CONNECTION */;
